customerID,gender,SeniorCitizen,Partner,Dependents,tenure,PhoneService,MultipleLines,InternetService,OnlineSecurity,OnlineBackup,DeviceProtection,TechSupport,StreamingTV,StreamingMovies,Contract,PaperlessBilling,PaymentMethod,MonthlyCharges,TotalCharges,Churn
CUST0000,Male,0,Yes,Yes,23,No,No,DSL,Yes,No,Yes,Yes,No,No,Month-to-month,No,Electronic check,117.10582451653677,,Yes
CUST0001,Female,1,No,Yes,71,Yes,Yes,DSL,Yes,No internet service,No,Yes,No,No,Month-to-month,No,Mailed check,114.42664891134339,5248.8310054993935,Yes
CUST0002,Male,1,Yes,Yes,35,No,No,DSL,Yes,Yes,No,Yes,No internet service,Yes,One year,Yes,Credit card (automatic),67.42142166574638,4415.841817460931,No
CUST0003,Male,1,Yes,No,37,Yes,No,No,No internet service,Yes,Yes,Yes,Yes,Yes,Two year,No,Bank transfer (automatic),106.20426509893134,714.1543440930529,Yes
CUST0004,Male,1,No,No,24,No,Yes,DSL,Yes,No,No,No,Yes,No internet service,One year,Yes,Credit card (automatic),104.45493985350704,3279.456640304176,Yes
CUST0005,Female,1,Yes,Yes,17,No,No phone service,No,No,Yes,Yes,Yes,Yes,No internet service,Month-to-month,Yes,Bank transfer (automatic),51.91004732432556,2994.0543657582657,No
CUST0006,Male,1,No,No,65,No,Yes,Fiber optic,Yes,No,No,No,No internet service,Yes,One year,No,Bank transfer (automatic),,2092.835194407403,No
CUST0007,Male,1,No,No,53,No,No,No,No internet service,Yes,Yes,No,No internet service,Yes,Two year,Yes,Credit card (automatic),23.700763471549262,5792.8925072349075,Yes
CUST0008,Male,1,No,No,34,Yes,No,No,Yes,No internet service,Yes,No internet service,No,No internet service,Two year,No,Bank transfer (automatic),79.6269878482053,3977.088365928591,Yes
CUST0009,Female,0,Yes,No,60,No,Yes,Fiber optic,No internet service,Yes,Yes,No,No,No,One year,No,Electronic check,43.000883728770305,666.7488029430306,Yes
CUST0010,Male,1,Yes,No,40,No,No phone service,No,No internet service,Yes,No,No internet service,No,Yes,One year,Yes,Mailed check,32.05668857772788,1777.0619515594944,Yes
CUST0011,Male,0,Yes,Yes,32,No,No,DSL,Yes,No,No,No,Yes,No internet service,One year,Yes,Bank transfer (automatic),27.695320162920915,5472.404934003575,Yes
CUST0012,Male,1,Yes,No,67,Yes,No,DSL,No,Yes,No,No,Yes,No,Month-to-month,Yes,Electronic check,89.62887758781397,627.5242587325955,Yes
CUST0013,Male,1,Yes,Yes,32,No,No,No,No internet service,Yes,Yes,No,No,Yes,One year,Yes,Bank transfer (automatic),53.98749637680661,6812.631174109174,No
CUST0014,Female,0,Yes,Yes,13,Yes,Yes,DSL,Yes,No,No,No internet service,Yes,No,One year,No,Mailed check,92.47667715287615,3971.269285571515,No
CUST0015,Male,1,Yes,No,20,No,No,No,Yes,No internet service,No,No internet service,No,No internet service,One year,No,Electronic check,26.535634079894237,3855.080887066651,No
CUST0016,Female,0,No,Yes,47,Yes,No phone service,DSL,No,No internet service,Yes,Yes,No internet service,Yes,Two year,Yes,Mailed check,51.52903378306104,4747.41412158295,Yes
CUST0017,Female,1,Yes,Yes,19,Yes,No,DSL,No internet service,No,No internet service,No internet service,No,No,Two year,No,Mailed check,73.94912923753373,6600.95410808269,No
CUST0018,Female,1,No,Yes,7,No,No,No,No internet service,No,Yes,No internet service,No internet service,Yes,Month-to-month,No,Electronic check,,2795.5174790595006,Yes
CUST0019,Male,0,Yes,No,6,Yes,No phone service,DSL,Yes,No,No,No internet service,Yes,No,Month-to-month,No,Electronic check,51.87525029320699,5430.568897421327,Yes
CUST0020,Female,1,Yes,No,66,No,No,No,Yes,No,Yes,No internet service,No,No internet service,Two year,No,Electronic check,82.58913764370091,4534.541072686413,No
CUST0021,Male,0,Yes,Yes,16,No,Yes,DSL,No,No,No internet service,Yes,Yes,No internet service,Two year,Yes,Credit card (automatic),108.5977748236187,2150.885595951982,Yes
CUST0022,Female,1,No,No,32,No,Yes,DSL,No,No internet service,Yes,No internet service,No internet service,Yes,Two year,Yes,Electronic check,81.58631881823047,7031.467291114161,Yes
CUST0023,Female,0,No,No,47,Yes,Yes,Fiber optic,No internet service,No internet service,No,No,No internet service,No,One year,No,Electronic check,43.29594747536338,6383.459652423287,No
CUST0024,Female,0,No,No,58,Yes,No phone service,Fiber optic,No internet service,No,No internet service,No,No internet service,Yes,One year,Yes,Electronic check,22.4400781556538,5274.445640574236,No
CUST0025,Female,1,No,No,21,No,No,No,Yes,Yes,No,No internet service,Yes,Yes,Two year,Yes,Electronic check,107.00988739009298,6807.6421981720505,No
CUST0026,Female,1,Yes,Yes,29,No,Yes,Fiber optic,No internet service,No,No internet service,No internet service,Yes,No,One year,Yes,Bank transfer (automatic),,,Yes
CUST0027,Female,0,No,Yes,37,Yes,No phone service,No,No,Yes,No internet service,No,Yes,No,One year,No,Credit card (automatic),107.47016726841994,5672.736554185977,No
CUST0028,Female,1,Yes,No,50,No,No,Fiber optic,No,No,Yes,No,Yes,No,Month-to-month,No,Mailed check,72.8937134027212,6699.366360342103,No
CUST0029,Female,1,Yes,No,53,No,No phone service,DSL,Yes,No,Yes,Yes,No internet service,No internet service,Two year,No,Electronic check,,5585.822264120883,Yes
CUST0030,Male,1,No,Yes,7,No,Yes,No,No,No internet service,No,No,No internet service,Yes,Two year,Yes,Bank transfer (automatic),99.87832357736654,5447.523358647198,No
CUST0031,Male,0,No,Yes,26,Yes,Yes,No,No,Yes,Yes,No,No,Yes,One year,No,Bank transfer (automatic),119.79341105333374,4956.518798157171,No
CUST0032,Female,0,No,No,26,Yes,Yes,DSL,No,Yes,Yes,No internet service,No,No internet service,Two year,No,Bank transfer (automatic),,6026.678783669977,No
CUST0033,Female,0,No,Yes,20,Yes,No phone service,No,No,No internet service,No internet service,No,Yes,No,Month-to-month,Yes,Mailed check,96.71882889311269,1285.668740238728,Yes
CUST0034,Female,0,No,No,29,No,No phone service,No,Yes,No internet service,Yes,Yes,No internet service,No internet service,Month-to-month,No,Electronic check,60.193091360924214,7049.348658407449,Yes
CUST0035,Male,0,No,No,27,No,Yes,Fiber optic,Yes,No internet service,No internet service,No,No internet service,No internet service,Month-to-month,No,Credit card (automatic),67.98756203039088,6977.311351406951,Yes
CUST0036,Female,0,No,Yes,63,No,No phone service,No,No internet service,No internet service,No internet service,No internet service,No internet service,No internet service,Two year,Yes,Credit card (automatic),82.750546321837,253.393318615782,Yes
CUST0037,Male,0,No,Yes,68,Yes,Yes,DSL,No,Yes,No internet service,No internet service,No,Yes,Two year,Yes,Bank transfer (automatic),107.36771141863387,6610.017669506806,No
CUST0038,Male,0,Yes,No,60,No,Yes,Fiber optic,No internet service,Yes,No,No,No,No internet service,Two year,Yes,Mailed check,118.40834691992951,1048.3815424380928,Yes
CUST0039,Male,0,No,No,47,No,No,Fiber optic,Yes,No,No,No internet service,No internet service,Yes,Two year,No,Mailed check,96.82734138645182,2694.2484569879525,Yes
CUST0040,Male,1,No,Yes,18,No,No phone service,DSL,Yes,No,No,Yes,No internet service,Yes,Two year,No,Mailed check,61.77667821673337,5953.19588520703,No
CUST0041,Male,0,Yes,No,3,No,Yes,DSL,Yes,No internet service,No internet service,Yes,No internet service,Yes,Month-to-month,No,Credit card (automatic),62.13570022770702,1302.8639704654995,No
CUST0042,Female,1,No,Yes,34,Yes,Yes,Fiber optic,Yes,No internet service,No,No,No,No,One year,Yes,Bank transfer (automatic),93.75823015888915,6547.376852470116,No
CUST0043,Female,1,Yes,No,63,Yes,No phone service,No,Yes,No internet service,No,No,No internet service,Yes,Month-to-month,Yes,Electronic check,43.87771457683023,6660.430740102781,Yes
CUST0044,Female,1,Yes,Yes,48,No,No,Fiber optic,Yes,No,Yes,No,No internet service,Yes,Two year,No,Credit card (automatic),31.047411313139467,4069.592515411473,Yes
CUST0045,Female,0,No,Yes,16,Yes,No,DSL,Yes,No,No,No internet service,Yes,No,Month-to-month,No,Bank transfer (automatic),,70.95925630033196,Yes
CUST0046,Female,0,Yes,Yes,43,Yes,Yes,Fiber optic,No,No,No,Yes,Yes,Yes,Two year,Yes,Bank transfer (automatic),48.72389916540817,2310.564302735804,No
CUST0047,Male,0,Yes,No,29,No,No phone service,DSL,No internet service,No,No internet service,Yes,No,No internet service,Two year,Yes,Electronic check,49.63081204559901,,No
CUST0048,Female,0,Yes,No,45,No,No,Fiber optic,Yes,No,No internet service,No internet service,No internet service,No internet service,Month-to-month,Yes,Electronic check,43.36077510499099,7849.865700658839,Yes
CUST0049,Female,1,Yes,Yes,5,Yes,No phone service,No,No,No,No internet service,Yes,No internet service,Yes,Two year,Yes,Electronic check,24.20931896363619,5061.871945593014,No
CUST0050,Male,0,No,No,36,No,No phone service,Fiber optic,No,No,No internet service,No,Yes,No,One year,No,Mailed check,21.787393473341382,2093.232576891995,No
CUST0051,Female,0,Yes,Yes,23,Yes,Yes,Fiber optic,No internet service,No internet service,No internet service,No,No,No internet service,Two year,Yes,Electronic check,118.77223897360315,5079.365510734899,No
CUST0052,Male,0,No,Yes,45,No,No,DSL,Yes,No internet service,No internet service,No,Yes,No,One year,No,Bank transfer (automatic),62.77731337358623,4329.0833301325265,Yes
CUST0053,Female,0,Yes,No,52,Yes,Yes,DSL,No internet service,No internet service,No,Yes,Yes,No,One year,No,Electronic check,58.432664715968166,6243.166253306126,No
CUST0054,Male,0,Yes,No,59,No,No,DSL,Yes,No internet service,No internet service,No,Yes,No internet service,Two year,No,Bank transfer (automatic),87.96472826930699,873.705497839128,No
CUST0055,Female,1,Yes,Yes,62,Yes,No,Fiber optic,No,No,No internet service,No internet service,Yes,No,Month-to-month,Yes,Credit card (automatic),41.825388786506416,6093.002661966184,Yes
CUST0056,Female,0,Yes,No,31,Yes,No,No,No,Yes,Yes,No internet service,No internet service,No internet service,One year,Yes,Mailed check,114.99611839502253,4339.30729783536,Yes
CUST0057,Male,1,No,No,32,Yes,No,DSL,No,No,No,Yes,No internet service,No,Month-to-month,Yes,Credit card (automatic),98.6345014415552,7704.6761907947775,No
CUST0058,Male,0,No,Yes,66,No,No,DSL,No,Yes,No,No internet service,Yes,No internet service,One year,Yes,Credit card (automatic),28.941100231225953,2748.139884988715,No
CUST0059,Male,1,Yes,Yes,17,Yes,No phone service,Fiber optic,No internet service,No internet service,No,No internet service,No,Yes,Two year,No,Bank transfer (automatic),61.75807757849284,5068.322707208906,Yes
CUST0060,Male,0,Yes,No,24,Yes,Yes,DSL,Yes,No,No internet service,Yes,No,No internet service,Two year,Yes,Credit card (automatic),107.91183075621647,7457.584281969939,Yes
CUST0061,Male,0,No,Yes,53,No,No phone service,No,Yes,No internet service,No internet service,No,No,No internet service,One year,Yes,Bank transfer (automatic),114.47320222914102,838.0276293656204,No
CUST0062,Male,1,Yes,Yes,57,No,No,No,No internet service,No,No internet service,No,No,No internet service,Two year,No,Electronic check,66.74015112498697,7499.08332814688,No
CUST0063,Male,1,Yes,No,66,Yes,Yes,DSL,Yes,No internet service,Yes,No,Yes,No internet service,One year,Yes,Electronic check,81.34113892107078,5509.328063960491,No
CUST0064,Male,1,Yes,Yes,45,Yes,No,DSL,No,Yes,No internet service,Yes,No internet service,No,Two year,No,Bank transfer (automatic),36.70339460920752,561.3397316592718,No
CUST0065,Female,0,No,Yes,23,No,Yes,Fiber optic,Yes,Yes,Yes,No internet service,No,Yes,Month-to-month,No,Electronic check,119.11686261369765,2421.689264235594,Yes
CUST0066,Female,1,No,No,31,No,No phone service,No,No,Yes,No,No,Yes,No internet service,Two year,No,Mailed check,43.16717013834434,5671.213267389347,No
CUST0067,Male,0,No,No,46,No,Yes,No,No internet service,No,No internet service,No,No,No,Month-to-month,No,Credit card (automatic),114.27317741351257,557.4577997207981,No
CUST0068,Female,0,Yes,Yes,22,No,Yes,DSL,Yes,Yes,Yes,Yes,No,Yes,Two year,No,Mailed check,84.96466489923685,4665.72027220666,Yes
CUST0069,Female,1,Yes,Yes,65,No,Yes,Fiber optic,No internet service,No,Yes,No,Yes,Yes,Month-to-month,No,Credit card (automatic),80.77367948788591,,No
CUST0070,Female,1,No,No,26,Yes,Yes,No,Yes,Yes,No internet service,Yes,No internet service,Yes,Two year,No,Electronic check,71.26885110165085,,Yes
CUST0071,Female,0,No,No,1,No,Yes,No,No,Yes,No,No internet service,No internet service,Yes,Month-to-month,No,Mailed check,43.066981171775865,385.02142982385254,No
CUST0072,Male,0,No,No,16,Yes,No,Fiber optic,No internet service,No,No,Yes,Yes,No internet service,One year,Yes,Electronic check,37.65280320055083,6974.863713095962,No
CUST0073,Female,1,No,No,32,Yes,Yes,Fiber optic,Yes,No,No,Yes,No internet service,No internet service,One year,Yes,Credit card (automatic),42.048620907017536,7788.441974035627,Yes
CUST0074,Male,1,Yes,Yes,8,Yes,Yes,No,No,Yes,Yes,Yes,Yes,No,Month-to-month,Yes,Bank transfer (automatic),38.64382621442545,7751.645285179818,Yes
CUST0075,Female,1,No,No,42,No,No phone service,No,No internet service,No,Yes,Yes,Yes,No,Two year,Yes,Bank transfer (automatic),97.95844735667534,6002.221617308539,No
CUST0076,Female,0,Yes,No,47,Yes,Yes,Fiber optic,No internet service,Yes,Yes,No internet service,Yes,No,Month-to-month,No,Mailed check,55.01252591667301,1058.088196242443,No
CUST0077,Female,0,No,Yes,38,Yes,No phone service,No,Yes,No,Yes,No internet service,No internet service,Yes,Two year,Yes,Electronic check,25.784267656339637,,No
CUST0078,Male,0,Yes,No,41,No,No,DSL,Yes,No internet service,No,No,Yes,Yes,One year,No,Electronic check,116.91026301408114,216.20359334123606,Yes
CUST0079,Female,0,No,Yes,25,Yes,Yes,DSL,Yes,No internet service,No internet service,No internet service,No,No internet service,Two year,Yes,Mailed check,108.37858849634257,196.54594120139808,No
CUST0080,Male,0,No,No,49,Yes,No phone service,Fiber optic,No,No internet service,Yes,No internet service,No internet service,Yes,One year,Yes,Bank transfer (automatic),112.77522831952129,,Yes
CUST0081,Female,0,No,No,24,No,No phone service,Fiber optic,Yes,No internet service,Yes,No,No internet service,Yes,Two year,Yes,Credit card (automatic),,3919.3726594292325,Yes
CUST0082,Male,1,No,No,23,Yes,No,Fiber optic,No internet service,No internet service,No,No internet service,No internet service,Yes,Two year,No,Mailed check,37.389524921948734,6167.85119410619,No
CUST0083,Female,0,Yes,Yes,12,Yes,Yes,DSL,No internet service,Yes,No internet service,Yes,No internet service,No,Two year,Yes,Credit card (automatic),59.62420189026587,5472.697105319911,Yes
CUST0084,Male,0,No,Yes,59,Yes,Yes,No,Yes,No internet service,No internet service,Yes,No,No,Month-to-month,No,Bank transfer (automatic),95.82384757040913,3578.303596886452,No
CUST0085,Male,0,Yes,No,6,No,No phone service,DSL,Yes,No internet service,No,No,No internet service,No internet service,Month-to-month,No,Electronic check,89.60206180537922,2203.5407969276935,No
CUST0086,Female,1,Yes,Yes,56,No,Yes,No,No internet service,No internet service,No,No,No internet service,Yes,One year,Yes,Bank transfer (automatic),,7977.053511258535,No
CUST0087,Male,0,Yes,Yes,35,No,No phone service,DSL,No,No internet service,No internet service,No,Yes,Yes,One year,Yes,Mailed check,,3420.926791843064,No
CUST0088,Female,0,Yes,Yes,44,Yes,Yes,No,Yes,No,Yes,Yes,No internet service,No internet service,Month-to-month,Yes,Electronic check,42.44405718366607,3622.0684541508103,No
CUST0089,Female,1,No,Yes,19,Yes,No phone service,DSL,Yes,Yes,No internet service,No internet service,No,Yes,One year,No,Mailed check,42.381761482262306,,Yes
CUST0090,Female,0,Yes,Yes,64,No,Yes,Fiber optic,No internet service,No internet service,No,Yes,No,Yes,Month-to-month,Yes,Mailed check,73.69744228934135,6362.580199024436,Yes
CUST0091,Female,0,Yes,Yes,7,Yes,No,DSL,Yes,No internet service,Yes,No,No,No,Two year,No,Bank transfer (automatic),79.29399348417031,5555.584161736279,No
CUST0092,Female,0,Yes,No,15,Yes,Yes,No,No,No internet service,Yes,No internet service,No,No internet service,One year,No,Mailed check,,1781.741510054308,No
CUST0093,Female,0,No,No,13,No,Yes,DSL,No internet service,Yes,No,No internet service,No internet service,No internet service,One year,Yes,Bank transfer (automatic),29.148683739775485,,Yes
CUST0094,Female,0,No,Yes,14,No,No,DSL,Yes,No,No,Yes,No internet service,No internet service,Month-to-month,Yes,Electronic check,107.74608626303804,5450.384430556211,Yes
CUST0095,Female,1,No,No,65,Yes,Yes,DSL,No internet service,Yes,No,No,No,No internet service,One year,No,Bank transfer (automatic),46.560004258870606,,Yes
CUST0096,Female,1,No,No,31,Yes,No,Fiber optic,Yes,No,No internet service,Yes,No,No,One year,No,Electronic check,32.95149212828042,2200.6110254457103,Yes
CUST0097,Female,1,Yes,No,62,Yes,Yes,DSL,Yes,No internet service,No internet service,No internet service,No internet service,No,Two year,No,Bank transfer (automatic),108.87480798689772,7607.891226758275,No
CUST0098,Female,0,Yes,No,50,No,No phone service,Fiber optic,Yes,No internet service,Yes,Yes,No,Yes,One year,Yes,Credit card (automatic),115.56514982297534,1225.441976411584,No
CUST0099,Male,0,No,Yes,24,No,No phone service,Fiber optic,No,Yes,No,Yes,Yes,Yes,Two year,No,Credit card (automatic),106.21276172654507,3470.0317123199634,Yes
