Order Date,Ship Date,Region,Customer Name,Product Name,Category,Sales,Profit,Shipping Mode
2023-05-11,2023-05-12,South,Customer_36,Product_34,Technology,502.64,91.16,Same Day
2023-11-11,2023-11-16,West,Customer_68,Product_11,Office Supplies,134.43,30.17,Standard Class
2021-05-02,2021-05-11,East,Customer_78,Product_45,Technology,923.29,253.97,
2022-04-12,2022-04-18,East,Customer_41,Product_47,Furniture,1468.14,364.17,Second Class
2021-11-27,2021-12-04,,Customer_89,Product_12,Office Supplies,1217.4,,Same Day
2021-03-29,2021-04-03,West,Customer_62,Product_21,Office Supplies,1349.01,296.66,First Class
2023-05-22,2023-05-28,East,Customer_10,Product_11,Technology,171.49,49.13,Same Day
2021-05-11,2021-05-16,South,Customer_21,Product_39,Office Supplies,1903.47,235.95,Standard Class
2023-02-09,2023-02-18,East,Customer_36,Product_28,Furniture,1678.6,84.4,First Class
2021-12-10,2021-12-16,West,Customer_12,Product_5,Furniture,1612.13,190.21,Same Day
2023-03-17,2023-03-25,West,Customer_91,Product_17,Furniture,1647.74,172.14,First Class
2022-01-21,2022-01-23,West,Customer_2,Product_20,Technology,1866.09,402.07,Standard Class
2023-08-14,2023-08-23,East,Customer_13,Product_41,Office Supplies,1093.07,227.83,First Class
2021-10-04,2021-10-09,Central,Customer_53,Product_46,Office Supplies,408.56,81.04,Same Day
2022-04-05,2022-04-12,East,Customer_32,Product_12,Office Supplies,1237.4,66.89,Standard Class
2021-01-22,2021-01-23,Central,Customer_95,Product_6,Furniture,1488.33,345.58,Second Class
2021-09-10,2021-09-15,West,Customer_16,Product_17,Office Supplies,1478.46,193.5,Same Day
2023-01-18,2023-01-20,South,Customer_32,Product_19,Furniture,1047.68,,Same Day
2023-05-07,2023-05-13,Central,Customer_32,Product_26,Office Supplies,146.23,27.66,Standard Class
2022-04-20,2022-04-21,West,Customer_98,Product_48,Furniture,748.51,101.56,Standard Class
2023-12-19,2023-12-22,West,Customer_11,Product_44,Office Supplies,1842.33,154.1,Second Class
2022-05-26,2022-05-31,Central,Customer_10,Product_44,Technology,1173.05,,Same Day
2022-12-01,2022-12-05,South,Customer_15,Product_32,Technology,1081.28,278.84,Standard Class
2023-09-03,2023-09-06,West,Customer_17,Product_6,Furniture,545.02,152.39,Second Class
2021-07-09,2021-07-14,Central,Customer_40,Product_36,Furniture,743.21,157.89,Second Class
2023-08-16,2023-08-24,South,Customer_18,Product_38,Office Supplies,1791.74,135.92,Standard Class
2022-11-18,2022-11-22,South,Customer_55,Product_11,Office Supplies,1336.26,201.12,Same Day
2023-08-16,2023-08-17,West,Customer_73,Product_33,Technology,1576.9,366.21,First Class
2022-07-17,2022-07-24,East,Customer_25,Product_24,Office Supplies,914.15,,First Class
2023-04-12,2023-04-20,,Customer_59,Product_23,Furniture,1264.19,100.57,Second Class
2022-10-09,2022-10-12,West,Customer_78,Product_15,Furniture,504.28,25.22,First Class
2021-01-21,2021-01-27,South,Customer_89,Product_27,Furniture,1413.87,322.41,First Class
2023-04-21,2023-04-23,West,Customer_22,Product_11,Furniture,860.93,119.8,Standard Class
2021-06-16,2021-06-23,Central,Customer_30,Product_17,Furniture,890.67,,Second Class
2022-01-23,2022-01-31,East,Customer_84,Product_14,Technology,1302.15,69.31,Same Day
2022-08-24,2022-08-30,Central,Customer_85,Product_27,Technology,1873.2,346.68,Second Class
2021-11-12,2021-11-18,West,Customer_44,Product_18,Furniture,137.37,36.1,Standard Class
2021-01-14,2021-01-19,West,Customer_32,Product_28,Office Supplies,1651.24,477.88,First Class
2021-08-30,2021-09-07,South,Customer_51,Product_47,Furniture,591.84,113.3,Same Day
2023-02-16,2023-02-17,South,Customer_46,Product_47,Technology,893.4,159.57,Second Class
2022-07-19,2022-07-23,South,Customer_21,Product_4,Furniture,53.61,3.82,First Class
2023-06-17,2023-06-21,Central,Customer_99,Product_7,Technology,609.08,114.03,Second Class
2021-04-02,2021-04-05,South,Customer_32,Product_45,Technology,1010.24,146.48,Same Day
2023-08-14,2023-08-17,West,Customer_94,Product_35,Furniture,121.79,24.58,Second Class
2022-05-24,2022-05-28,,Customer_39,Product_48,Furniture,987.28,145.31,Second Class
2023-02-15,2023-02-16,East,Customer_12,Product_9,Office Supplies,1854.95,204.18,Second Class
2021-02-04,2021-02-06,South,Customer_47,Product_8,Technology,219.73,16.2,First Class
2021-07-25,2021-08-03,Central,Customer_18,Product_45,Office Supplies,1531.24,197.12,Same Day
2023-10-23,2023-10-25,East,Customer_21,Product_17,Furniture,825.25,61.2,Same Day
2023-10-19,2023-10-24,East,Customer_13,Product_17,Technology,1313.8,123.79,First Class
2022-07-20,2022-07-29,East,Customer_21,Product_49,Office Supplies,527.87,156.69,First Class
2022-12-04,2022-12-13,Central,Customer_8,Product_33,Office Supplies,327.39,52.72,First Class
2022-02-06,2022-02-14,West,Customer_46,Product_32,Office Supplies,329.32,60.26,Standard Class
2022-12-31,2023-01-01,South,Customer_7,Product_8,Furniture,150.28,40.34,Second Class
2021-06-11,2021-06-12,East,Customer_23,Product_19,Furniture,379.44,113.41,Second Class
2021-07-21,2021-07-30,East,Customer_96,Product_38,Furniture,1331.8,260.6,Same Day
2023-09-23,2023-10-01,East,Customer_75,Product_3,Technology,1764.56,446.64,Second Class
2021-09-27,2021-10-06,West,Customer_86,Product_5,Furniture,1630.11,214.74,
2023-03-27,2023-04-03,West,Customer_22,Product_13,Technology,1373.42,173.65,First Class
2022-04-01,2022-04-04,Central,Customer_89,Product_47,Office Supplies,229.76,34.62,Same Day
2023-10-14,2023-10-17,West,Customer_22,Product_46,Office Supplies,585.48,127.71,Same Day
2021-10-23,2021-10-25,South,Customer_92,Product_31,Furniture,626.52,138.18,Second Class
2022-12-21,2022-12-26,Central,Customer_29,Product_16,Office Supplies,507.41,65.36,Same Day
2021-12-04,2021-12-07,Central,Customer_13,Product_32,Furniture,1034.86,86.21,First Class
2023-05-29,2023-06-04,South,Customer_82,Product_22,Technology,1075.75,223.86,Same Day
2023-12-13,2023-12-15,South,Customer_2,Product_29,Office Supplies,720.2,59.12,First Class
2023-03-03,2023-03-06,South,Customer_29,Product_22,Furniture,714.04,138.97,Standard Class
2021-08-05,2021-08-10,Central,Customer_85,Product_43,Office Supplies,1658.83,370.51,Standard Class
2023-02-03,2023-02-04,Central,Customer_79,Product_3,Office Supplies,1580.69,355.9,First Class
2021-07-07,2021-07-08,Central,Customer_52,Product_10,Furniture,622.51,148.39,
2022-01-15,2022-01-24,South,Customer_27,Product_42,Office Supplies,1828.44,,Same Day
2022-05-08,2022-05-15,South,Customer_50,Product_21,Office Supplies,1906.1,333.55,Second Class
2023-12-01,2023-12-02,East,Customer_95,Product_16,Office Supplies,660.22,153.54,Same Day
2021-01-15,2021-01-23,West,Customer_79,Product_12,Office Supplies,715.31,146.49,Standard Class
2021-03-06,2021-03-09,East,Customer_23,Product_2,Technology,1016.21,98.23,
2022-06-05,2022-06-13,South,Customer_88,Product_41,Office Supplies,1882.83,106.23,Standard Class
2022-10-10,2022-10-15,Central,Customer_44,Product_24,Office Supplies,1753.88,212.46,Same Day
2023-12-23,2023-12-24,South,Customer_77,Product_35,Furniture,214.11,34.42,Standard Class
2022-08-16,2022-08-23,West,Customer_22,Product_30,Technology,791.53,161.69,Standard Class
2022-01-27,2022-02-01,East,Customer_43,Product_30,Furniture,1111.21,291.68,Standard Class
2022-02-23,2022-03-01,East,Customer_37,Product_47,Furniture,1011.23,100.17,Standard Class
2021-10-16,2021-10-22,Central,Customer_61,Product_35,Furniture,395.79,32.21,Second Class
2022-01-14,2022-01-22,East,Customer_97,Product_19,Technology,1719.05,500.02,Standard Class
2021-08-19,2021-08-28,East,Customer_56,Product_8,Furniture,1357.11,104.51,Standard Class
2023-10-15,2023-10-17,South,Customer_3,Product_26,Furniture,1677.44,284.53,Second Class
2021-02-10,2021-02-19,East,Customer_63,Product_49,Furniture,1718.94,337.58,Second Class
2023-11-18,2023-11-27,East,Customer_19,Product_40,Office Supplies,1499.23,277.87,Same Day
2021-05-15,2021-05-22,East,Customer_23,Product_7,Furniture,884.03,63.22,First Class
2021-07-20,2021-07-21,Central,Customer_29,Product_30,Technology,1224.99,78.71,Standard Class
2023-02-19,2023-02-26,Central,Customer_30,Product_7,Technology,329.13,25.14,Standard Class
2023-07-19,2023-07-24,South,Customer_39,Product_3,Office Supplies,1350.55,265.24,Standard Class
2023-11-23,2023-11-29,East,Customer_25,Product_1,Technology,366.71,68.24,Same Day
2023-12-08,2023-12-15,Central,Customer_8,Product_36,Technology,1390.96,150.83,Standard Class
2022-05-18,2022-05-23,Central,Customer_58,Product_25,Office Supplies,466.9,97.79,First Class
2022-02-11,2022-02-18,South,Customer_16,Product_37,Furniture,243.93,62.21,Second Class
2023-03-16,2023-03-25,West,Customer_72,Product_1,Office Supplies,338.92,20.47,Same Day
2021-04-09,2021-04-12,East,Customer_1,Product_15,Furniture,13.96,,Second Class
2022-11-15,2022-11-23,Central,Customer_5,Product_37,Furniture,1440.29,,Standard Class
2022-12-27,2022-12-29,South,Customer_3,Product_13,Technology,1467.48,165.94,Standard Class
2023-08-19,2023-08-26,South,Customer_65,Product_40,Office Supplies,1034.72,131.35,Standard Class
2022-09-05,2022-09-07,South,Customer_4,Product_8,Technology,331.11,67.35,First Class
2022-10-05,2022-10-09,Central,Customer_99,Product_5,Technology,176.27,48.38,First Class
2023-10-26,2023-11-02,,Customer_96,Product_9,Furniture,48.07,12.14,
2022-05-18,2022-05-21,West,Customer_64,Product_1,Technology,339.84,66.53,
2023-02-06,2023-02-08,East,Customer_98,Product_36,Office Supplies,1782.8,414.6,Standard Class
2022-02-02,2022-02-09,South,Customer_89,Product_35,Technology,490.66,69.28,Standard Class
2023-05-21,2023-05-22,South,Customer_10,Product_2,Technology,715.0,150.32,Standard Class
2023-03-06,2023-03-14,West,Customer_21,Product_40,Furniture,219.64,36.58,Standard Class
2022-01-28,2022-01-31,East,Customer_46,Product_23,Office Supplies,452.5,44.11,First Class
2021-07-26,2021-07-28,South,Customer_91,Product_9,Technology,1043.26,235.19,Second Class
2023-11-05,2023-11-08,South,Customer_27,Product_34,Furniture,1219.43,230.61,Second Class
2023-06-11,2023-06-16,East,Customer_66,Product_46,Technology,498.25,69.58,Same Day
2023-05-14,2023-05-22,South,Customer_41,Product_14,Office Supplies,124.89,34.7,First Class
2023-01-13,2023-01-20,East,Customer_13,Product_4,Technology,788.16,43.53,
2022-07-18,2022-07-25,South,Customer_9,Product_30,Technology,476.06,61.38,Second Class
2023-10-18,2023-10-25,,Customer_36,Product_31,Furniture,446.91,,Second Class
2021-04-06,2021-04-14,,Customer_86,Product_38,Technology,1920.13,463.96,First Class
2022-04-30,2022-05-01,,Customer_90,Product_11,Furniture,1236.44,278.85,
2021-08-19,2021-08-23,West,Customer_58,Product_35,Office Supplies,1118.19,148.54,Same Day
2023-01-19,2023-01-25,South,Customer_54,Product_8,Technology,837.39,183.32,Standard Class
2022-06-25,2022-07-04,South,Customer_12,Product_3,Office Supplies,863.6,128.66,Same Day
2023-11-26,2023-11-28,Central,Customer_81,Product_14,Office Supplies,1086.4,259.72,Second Class
2022-06-09,2022-06-10,East,Customer_78,Product_13,Technology,1395.9,228.29,Same Day
2022-08-01,2022-08-03,West,Customer_14,Product_45,Furniture,1407.27,215.41,Standard Class
2022-11-13,2022-11-20,West,Customer_34,Product_32,Office Supplies,351.67,99.76,Second Class
2022-07-11,2022-07-14,,Customer_53,Product_34,Office Supplies,1005.22,113.31,Same Day
2023-10-10,2023-10-12,East,Customer_20,Product_45,Technology,829.8,66.48,Same Day
2022-10-08,2022-10-15,Central,Customer_75,Product_19,Technology,1742.35,341.74,First Class
2023-03-07,2023-03-09,West,Customer_16,Product_38,Technology,1266.52,370.24,Standard Class
2023-11-18,2023-11-21,East,Customer_95,Product_16,Technology,1069.68,154.53,Same Day
2021-07-09,2021-07-16,South,Customer_70,Product_2,Technology,239.64,15.7,First Class
2022-09-25,2022-09-29,West,Customer_56,Product_40,Technology,1215.22,163.84,Second Class
2022-09-20,2022-09-21,West,Customer_83,Product_17,Furniture,243.24,42.93,First Class
2023-08-31,2023-09-05,Central,Customer_58,Product_34,Office Supplies,681.04,61.62,First Class
2022-12-11,2022-12-20,West,Customer_4,Product_42,Furniture,294.26,63.13,Same Day
2022-10-11,2022-10-19,West,Customer_4,Product_16,Furniture,1387.23,415.39,
2021-11-14,2021-11-23,South,Customer_20,Product_38,Technology,420.44,,Same Day
2022-11-15,2022-11-24,East,Customer_10,Product_2,Office Supplies,789.8,109.53,First Class
2022-10-26,2022-11-02,East,Customer_24,Product_2,Furniture,1792.39,269.17,Second Class
2022-03-18,2022-03-22,Central,Customer_99,Product_26,Technology,416.59,32.82,Standard Class
2022-07-18,2022-07-23,South,Customer_26,Product_13,Technology,1020.53,276.38,First Class
2023-08-10,2023-08-11,East,Customer_37,Product_47,Office Supplies,844.35,129.78,Same Day
2022-11-30,2022-12-01,South,Customer_85,Product_31,Furniture,46.07,6.76,Standard Class
2021-04-23,2021-04-26,East,Customer_54,Product_34,Furniture,1587.59,341.21,Second Class
2021-01-02,2021-01-10,South,Customer_21,Product_39,Furniture,147.4,23.66,Standard Class
2022-10-04,2022-10-06,Central,Customer_74,Product_3,Technology,953.77,202.25,Same Day
2021-08-08,2021-08-12,West,Customer_38,Product_8,Office Supplies,1125.75,73.58,First Class
2023-05-05,2023-05-07,Central,Customer_46,Product_23,Office Supplies,1260.57,319.47,First Class
2022-01-20,2022-01-25,East,Customer_4,Product_14,Furniture,1380.38,393.58,Same Day
2023-12-13,2023-12-22,Central,Customer_60,Product_27,Technology,514.01,109.07,First Class
2022-12-31,2023-01-01,West,Customer_57,Product_29,Furniture,29.86,8.62,
2021-09-04,2021-09-09,Central,Customer_45,Product_39,Office Supplies,1449.65,127.36,First Class
2023-04-16,2023-04-25,East,Customer_20,Product_39,Technology,1075.96,182.22,
2021-07-22,2021-07-23,East,Customer_17,Product_1,Furniture,1673.87,335.53,First Class
2021-05-03,2021-05-12,Central,Customer_71,Product_17,Furniture,1644.56,321.4,Second Class
2022-02-05,2022-02-13,West,Customer_4,Product_41,Technology,1688.22,253.85,Second Class
2023-02-06,2023-02-10,Central,Customer_93,Product_30,Office Supplies,975.34,131.2,Same Day
2021-10-21,2021-10-26,West,Customer_14,Product_13,Technology,673.92,55.06,Second Class
2021-10-07,2021-10-12,South,Customer_3,Product_21,Furniture,1585.2,234.51,Same Day
2023-06-03,2023-06-09,West,Customer_88,Product_19,Furniture,908.08,82.33,Standard Class
2021-07-17,2021-07-24,South,Customer_80,Product_19,Furniture,375.05,87.61,Standard Class
2023-09-09,2023-09-17,Central,Customer_58,Product_25,Furniture,1711.4,,Second Class
2023-01-22,2023-01-30,West,Customer_55,Product_22,Office Supplies,1766.29,114.18,Standard Class
2021-05-24,2021-05-26,South,Customer_4,Product_31,Office Supplies,937.96,176.42,Standard Class
2022-09-01,2022-09-10,South,Customer_24,Product_17,Furniture,160.64,31.94,First Class
2021-07-06,2021-07-13,South,Customer_34,Product_23,Office Supplies,781.77,209.5,First Class
2022-04-09,2022-04-13,East,Customer_30,Product_32,Office Supplies,1609.04,312.55,Same Day
2022-10-22,2022-10-26,Central,Customer_82,Product_10,Office Supplies,1804.53,246.08,Standard Class
2023-02-03,2023-02-11,South,Customer_19,Product_10,Furniture,414.91,104.04,Same Day
2023-08-13,2023-08-17,West,Customer_31,Product_36,Technology,143.28,26.52,Same Day
2022-02-07,2022-02-13,South,Customer_60,Product_8,Technology,1755.93,,Standard Class
2021-05-27,2021-06-01,East,Customer_60,Product_20,Technology,784.92,150.28,Second Class
2023-05-14,2023-05-17,Central,Customer_19,Product_32,Furniture,1088.1,301.41,Standard Class
2022-05-04,2022-05-06,East,Customer_49,Product_14,Office Supplies,1936.45,288.68,First Class
2023-07-18,2023-07-27,East,Customer_63,Product_28,Office Supplies,142.46,17.68,Standard Class
2022-07-05,2022-07-14,,Customer_83,Product_46,Furniture,1300.15,111.64,Second Class
2021-12-04,2021-12-05,,Customer_22,Product_24,Furniture,157.47,13.84,Same Day
2023-05-22,2023-05-25,Central,Customer_24,Product_15,Technology,757.18,119.78,Same Day
2022-10-03,2022-10-11,Central,Customer_76,Product_22,Technology,1609.59,320.18,First Class
2022-04-18,2022-04-24,West,Customer_30,Product_30,Furniture,872.61,61.22,First Class
2021-05-31,2021-06-05,Central,Customer_58,Product_4,Technology,1994.39,568.19,First Class
2021-09-20,2021-09-25,East,Customer_31,Product_13,Office Supplies,1122.53,268.04,Same Day
2021-05-24,2021-05-30,Central,Customer_100,Product_23,Furniture,649.11,127.65,
2021-12-12,2021-12-19,West,Customer_64,Product_8,Furniture,448.02,115.19,Standard Class
2022-09-16,2022-09-17,East,Customer_19,Product_18,Office Supplies,707.54,49.56,Same Day
2023-10-14,2023-10-23,,Customer_48,Product_12,Office Supplies,751.34,127.13,Second Class
2023-05-31,2023-06-03,South,Customer_45,Product_31,Office Supplies,146.74,30.45,Same Day
2021-01-02,2021-01-06,East,Customer_100,Product_14,Technology,745.45,191.7,Standard Class
2023-06-16,2023-06-17,East,Customer_94,Product_34,Furniture,933.83,229.6,Standard Class
2021-09-11,2021-09-14,Central,Customer_55,Product_18,Technology,1448.25,,First Class
2022-03-29,2022-03-31,East,Customer_55,Product_34,Office Supplies,1316.89,375.6,Same Day
2023-11-27,2023-11-29,West,Customer_97,Product_11,Technology,1420.44,115.18,Same Day
2023-10-12,2023-10-13,Central,Customer_18,Product_41,Office Supplies,26.64,7.16,Same Day
2021-01-09,2021-01-17,South,Customer_63,Product_12,Technology,443.16,129.73,Second Class
2023-03-27,2023-03-30,West,Customer_92,Product_49,Technology,1326.75,125.1,First Class
2021-07-27,2021-07-30,South,Customer_47,Product_15,Office Supplies,973.14,224.32,Standard Class
2022-02-08,2022-02-14,South,Customer_75,Product_31,Technology,20.57,1.24,Standard Class
2021-06-01,2021-06-09,South,Customer_57,Product_49,Furniture,1610.94,243.82,First Class
2021-02-23,2021-03-04,East,Customer_45,Product_29,Technology,1547.89,277.18,Standard Class
2022-09-20,2022-09-29,West,Customer_33,Product_26,Technology,1101.35,214.94,Standard Class
2022-08-10,2022-08-14,West,Customer_17,Product_18,Furniture,142.26,40.4,
2021-04-14,2021-04-19,East,Customer_70,Product_32,Office Supplies,1535.36,334.8,Standard Class
2021-09-11,2021-09-13,Central,Customer_4,Product_22,Furniture,1171.59,199.54,
2022-05-25,2022-06-03,South,Customer_20,Product_38,Technology,1566.1,395.31,Second Class
2021-04-09,2021-04-17,West,Customer_47,Product_17,Office Supplies,1505.98,433.17,First Class
2021-06-02,2021-06-05,East,Customer_91,Product_23,Technology,1607.97,89.27,Second Class
2023-07-03,2023-07-12,South,Customer_15,Product_24,Technology,1040.84,307.7,Standard Class
2023-05-28,2023-05-31,Central,Customer_70,Product_8,Furniture,289.25,20.69,Standard Class
2021-12-04,2021-12-13,Central,Customer_47,Product_41,Furniture,1345.6,341.24,Same Day
2023-04-02,2023-04-04,South,Customer_78,Product_6,Office Supplies,1244.74,149.47,First Class
2023-08-15,2023-08-24,Central,Customer_75,Product_5,Office Supplies,1487.08,123.49,Standard Class
2021-06-10,2021-06-18,West,Customer_9,Product_44,Office Supplies,348.06,55.68,First Class
2023-03-12,2023-03-21,West,Customer_90,Product_29,Technology,398.0,83.97,First Class
2022-02-02,2022-02-07,West,Customer_16,Product_28,Furniture,1781.91,258.8,First Class
2023-03-27,2023-03-29,Central,Customer_69,Product_11,Furniture,1502.46,95.62,First Class
2022-02-05,2022-02-13,West,Customer_61,Product_1,Furniture,1817.37,363.23,First Class
2022-10-02,2022-10-08,East,Customer_10,Product_43,Office Supplies,1519.84,418.87,Second Class
2023-11-23,2023-12-01,West,Customer_50,Product_19,Furniture,1198.34,174.72,Same Day
2022-11-19,2022-11-24,West,Customer_3,Product_9,Furniture,1311.72,136.53,First Class
2022-04-05,2022-04-07,Central,Customer_77,Product_27,Furniture,1779.36,285.84,Second Class
2023-08-13,2023-08-19,West,Customer_94,Product_34,Office Supplies,1161.83,72.14,Standard Class
2022-04-15,2022-04-20,South,Customer_70,Product_44,Furniture,1268.46,323.61,First Class
2023-11-12,2023-11-17,East,Customer_81,Product_4,Office Supplies,321.39,82.46,Standard Class
2023-01-20,2023-01-21,Central,Customer_51,Product_36,Furniture,953.1,187.76,First Class
2021-02-07,2021-02-09,East,Customer_19,Product_18,Furniture,1435.63,198.51,Second Class
2021-08-18,2021-08-26,South,Customer_42,Product_15,Furniture,549.18,137.27,Second Class
2022-07-17,2022-07-20,Central,Customer_35,Product_13,Office Supplies,412.49,77.83,Second Class
2022-03-14,2022-03-17,Central,Customer_46,Product_19,Office Supplies,634.52,162.74,Same Day
2021-01-27,2021-02-04,West,Customer_26,Product_49,Furniture,490.59,101.98,Standard Class
2021-08-14,2021-08-22,,Customer_69,Product_6,Technology,437.68,107.71,
2023-03-09,2023-03-11,South,Customer_93,Product_48,Office Supplies,855.45,170.78,First Class
2021-10-11,2021-10-19,South,Customer_64,Product_12,Office Supplies,1816.6,278.91,Standard Class
2023-05-29,2023-05-30,Central,Customer_37,Product_37,Furniture,1019.05,295.0,Second Class
2023-08-18,2023-08-24,West,Customer_84,Product_17,Technology,383.96,71.14,Standard Class
2022-03-29,2022-04-06,Central,Customer_49,Product_23,Furniture,163.17,32.84,Second Class
2023-10-17,2023-10-20,Central,Customer_21,Product_26,Office Supplies,1395.35,146.68,Same Day
2023-03-27,2023-04-04,Central,Customer_74,Product_29,Office Supplies,771.77,159.3,Same Day
2022-10-21,2022-10-22,Central,Customer_64,Product_33,Furniture,1645.44,317.41,Second Class
2022-07-01,2022-07-10,South,Customer_5,Product_27,Furniture,1322.43,127.23,Second Class
2023-12-09,2023-12-18,South,Customer_100,Product_25,Technology,1594.52,103.48,First Class
2021-01-17,2021-01-22,Central,Customer_70,Product_10,Technology,551.17,110.83,
2021-06-07,2021-06-11,Central,Customer_90,Product_47,Office Supplies,1387.79,334.35,Same Day
2022-04-22,2022-04-28,West,Customer_4,Product_23,Technology,535.48,,First Class
2023-12-06,2023-12-13,Central,Customer_39,Product_21,Technology,1878.75,200.45,Same Day
2022-06-02,2022-06-07,South,Customer_35,Product_21,Office Supplies,1276.38,276.5,Second Class
2021-04-09,2021-04-18,,Customer_1,Product_43,Office Supplies,655.78,45.92,Standard Class
2023-11-27,2023-11-30,South,Customer_24,Product_13,Office Supplies,546.33,87.66,Standard Class
2021-10-07,2021-10-14,West,Customer_57,Product_37,Office Supplies,389.94,35.42,Same Day
2022-05-12,2022-05-17,South,Customer_100,Product_33,Furniture,1392.34,133.82,First Class
2021-10-29,2021-11-05,East,Customer_70,Product_24,Office Supplies,445.24,44.78,Second Class
2021-06-30,2021-07-02,Central,Customer_41,Product_44,Office Supplies,1194.65,175.23,Standard Class
2022-08-30,2022-09-03,East,Customer_54,Product_11,Office Supplies,536.62,,Second Class
2022-12-01,2022-12-03,Central,Customer_46,Product_17,Technology,1327.32,198.37,Same Day
2023-09-20,2023-09-27,Central,Customer_60,Product_4,Office Supplies,1631.73,290.33,Same Day
2021-07-10,2021-07-12,South,Customer_60,Product_47,Furniture,1558.27,266.19,Standard Class
2021-09-10,2021-09-11,South,Customer_57,Product_25,Furniture,1524.09,222.05,Same Day
2023-09-08,2023-09-17,South,Customer_31,Product_30,Office Supplies,383.57,99.65,First Class
2023-07-17,2023-07-18,West,Customer_84,Product_9,Furniture,185.89,16.05,Same Day
2021-05-08,2021-05-16,South,Customer_24,Product_21,Technology,1400.91,247.15,Same Day
2021-01-18,2021-01-20,West,Customer_89,Product_20,Office Supplies,743.01,48.67,Same Day
2022-07-20,2022-07-28,South,Customer_36,Product_19,Furniture,870.37,59.0,Second Class
2022-07-24,2022-07-27,Central,Customer_85,Product_19,Furniture,71.99,13.93,Second Class
2022-11-17,2022-11-23,,Customer_30,Product_12,Office Supplies,526.56,,Standard Class
2022-09-18,2022-09-21,East,Customer_24,Product_37,Furniture,77.02,20.76,Standard Class
2023-05-04,2023-05-11,West,Customer_30,Product_42,Office Supplies,1759.58,333.38,Standard Class
2023-08-20,2023-08-29,West,Customer_86,Product_17,Furniture,494.36,143.34,Same Day
2021-06-04,2021-06-06,East,Customer_92,Product_37,Technology,1119.1,,Second Class
2022-05-05,2022-05-10,West,Customer_7,Product_48,Furniture,87.57,6.52,First Class
2023-02-24,2023-03-02,Central,Customer_35,Product_39,Furniture,1337.03,81.58,Same Day
2021-09-03,2021-09-07,South,Customer_55,Product_28,Office Supplies,652.82,62.88,Same Day
2023-11-29,2023-12-03,East,Customer_92,Product_41,Furniture,1796.86,332.99,Same Day
2023-01-29,2023-02-02,South,Customer_14,Product_35,Office Supplies,1777.36,375.72,First Class
2022-06-22,2022-06-24,Central,Customer_10,Product_47,Technology,657.33,40.36,Standard Class
2023-07-10,2023-07-14,East,Customer_80,Product_48,Office Supplies,1802.91,516.52,First Class
2022-02-12,2022-02-13,South,Customer_16,Product_18,Office Supplies,1992.35,519.09,Standard Class
2022-06-09,2022-06-15,South,Customer_54,Product_14,Furniture,1652.58,205.17,First Class
2023-04-08,2023-04-09,,Customer_95,Product_35,Technology,1691.29,117.2,Second Class
2023-06-22,2023-06-28,South,Customer_89,Product_44,Office Supplies,505.53,46.75,Same Day
2021-02-05,2021-02-06,Central,Customer_77,Product_41,Furniture,1157.64,94.62,Same Day
2022-11-16,2022-11-22,West,Customer_70,Product_7,Furniture,143.84,11.63,Same Day
2021-01-20,2021-01-28,Central,Customer_44,Product_41,Office Supplies,198.89,35.73,Standard Class
2021-11-17,2021-11-19,West,Customer_73,Product_13,Furniture,1997.8,222.68,First Class
2022-05-27,2022-05-29,East,Customer_45,Product_18,Office Supplies,660.01,92.09,Second Class
2022-02-04,2022-02-08,South,Customer_100,Product_37,Office Supplies,1498.89,445.73,First Class
2022-10-16,2022-10-19,Central,Customer_56,Product_13,Office Supplies,1615.26,357.1,Same Day
2023-08-30,2023-09-03,Central,Customer_84,Product_36,Technology,1717.47,493.33,Second Class
2022-04-16,2022-04-23,South,Customer_82,Product_31,Office Supplies,1995.28,170.87,Second Class
2023-04-14,2023-04-15,South,Customer_57,Product_2,Furniture,490.58,71.4,Same Day
2022-12-28,2023-01-03,East,Customer_21,Product_16,Technology,90.3,17.04,
2023-05-04,2023-05-07,East,Customer_68,Product_9,Furniture,828.27,57.31,Same Day
2021-02-20,2021-02-27,Central,Customer_50,Product_9,Technology,268.86,13.72,First Class
2022-07-29,2022-07-31,East,Customer_33,Product_38,Technology,54.63,11.89,Second Class
2021-05-30,2021-06-01,West,Customer_91,Product_11,Technology,727.25,153.05,Second Class
2021-11-10,2021-11-14,East,Customer_7,Product_22,Technology,1569.64,239.68,Same Day
2022-07-24,2022-07-25,East,Customer_70,Product_33,Furniture,1136.7,195.98,Second Class
2021-11-01,2021-11-04,Central,Customer_15,Product_36,Office Supplies,632.43,97.31,
2022-11-13,2022-11-22,,Customer_82,Product_45,Furniture,1312.14,73.48,Second Class
2023-04-18,2023-04-25,East,Customer_32,Product_23,Office Supplies,471.72,63.14,Standard Class
2023-12-14,2023-12-21,West,Customer_75,Product_45,Furniture,38.62,3.64,Second Class
2023-09-30,2023-10-04,West,Customer_20,Product_45,Technology,1531.06,114.23,Same Day
2022-03-20,2022-03-22,West,Customer_88,Product_34,Technology,1251.25,361.84,Same Day
2022-09-05,2022-09-09,South,Customer_15,Product_9,Office Supplies,1526.98,305.15,Standard Class
2023-09-20,2023-09-26,South,Customer_48,Product_24,Office Supplies,87.49,20.31,Same Day
2021-09-21,2021-09-24,South,Customer_71,Product_8,Furniture,1675.87,215.92,Second Class
2023-12-13,2023-12-14,South,Customer_21,Product_7,Office Supplies,1242.86,184.3,Second Class
2023-10-01,2023-10-09,Central,Customer_42,Product_36,Furniture,1131.16,123.56,Same Day
2021-01-05,2021-01-10,East,Customer_26,Product_18,Office Supplies,1252.98,93.02,Second Class
2023-02-13,2023-02-18,South,Customer_14,Product_3,Office Supplies,1730.22,163.95,First Class
2023-05-27,2023-05-31,Central,Customer_57,Product_28,Office Supplies,1178.0,293.77,First Class
2023-09-19,2023-09-25,East,Customer_37,Product_6,Technology,1166.09,255.82,Second Class
2023-06-03,2023-06-06,South,Customer_58,Product_44,Technology,1981.45,370.0,Same Day
2021-02-16,2021-02-25,East,Customer_21,Product_44,Furniture,1515.89,255.84,Standard Class
2023-05-17,2023-05-22,South,Customer_82,Product_21,Office Supplies,890.16,249.79,
2023-04-03,2023-04-06,Central,Customer_69,Product_28,Furniture,1417.72,,Standard Class
2023-07-25,2023-07-26,West,Customer_3,Product_40,Office Supplies,784.57,94.27,
2022-10-18,2022-10-24,West,Customer_87,Product_1,Technology,465.46,63.99,Second Class
2021-09-26,2021-09-28,East,Customer_90,Product_36,Technology,1197.74,294.17,First Class
2022-01-05,2022-01-08,Central,Customer_37,Product_21,Office Supplies,1857.08,553.65,Same Day
2022-09-28,2022-09-29,West,Customer_88,Product_43,Office Supplies,1858.99,,Standard Class
2022-10-19,2022-10-28,South,Customer_49,Product_35,Technology,690.39,185.42,First Class
2021-04-30,2021-05-08,West,Customer_19,Product_13,Technology,1060.08,273.14,Standard Class
2023-04-11,2023-04-13,East,Customer_89,Product_49,Furniture,431.16,,Second Class
2023-12-18,2023-12-26,East,Customer_85,Product_10,Technology,1991.31,298.36,First Class
2023-01-11,2023-01-20,Central,Customer_12,Product_44,Office Supplies,1962.42,299.11,Standard Class
2021-04-27,2021-04-28,East,Customer_61,Product_47,Furniture,1302.52,383.66,Same Day
2023-03-02,2023-03-07,West,Customer_41,Product_10,Office Supplies,1610.78,153.38,Second Class
2023-10-10,2023-10-18,West,Customer_33,Product_46,Furniture,1433.05,357.96,Second Class
2023-12-18,2023-12-20,West,Customer_50,Product_13,Office Supplies,1190.38,158.97,Second Class
2022-09-26,2022-09-30,,Customer_68,Product_37,Technology,116.16,27.03,Same Day
2022-05-28,2022-06-04,Central,Customer_71,Product_38,Office Supplies,914.98,141.82,Same Day
2023-03-13,2023-03-16,South,Customer_86,Product_24,Furniture,1352.82,263.25,First Class
2022-07-14,2022-07-19,South,Customer_33,Product_2,Office Supplies,1358.29,350.65,Same Day
2022-05-03,2022-05-11,Central,Customer_81,Product_22,Furniture,752.51,188.91,First Class
2023-06-16,2023-06-19,East,Customer_24,Product_17,Office Supplies,1883.97,502.28,Second Class
2022-12-05,2022-12-09,South,Customer_61,Product_36,Technology,343.04,22.26,First Class
2022-08-04,2022-08-13,East,Customer_61,Product_14,Technology,1005.72,224.29,Standard Class
2023-03-01,2023-03-08,,Customer_98,Product_10,Office Supplies,1384.86,117.71,Second Class
2023-05-11,2023-05-12,East,Customer_28,Product_35,Office Supplies,1397.3,215.12,Second Class
2021-09-04,2021-09-08,Central,Customer_58,Product_25,Office Supplies,1300.79,243.44,First Class
2021-06-03,2021-06-07,West,Customer_43,Product_3,Furniture,557.82,84.06,Second Class
2023-09-24,2023-10-03,East,Customer_41,Product_47,Office Supplies,320.85,57.72,Same Day
2022-11-28,2022-12-04,West,Customer_39,Product_38,Office Supplies,1275.52,381.55,Standard Class
2023-12-29,2024-01-07,East,Customer_86,Product_17,Furniture,1202.61,100.78,First Class
2023-12-07,2023-12-13,East,Customer_49,Product_12,Technology,366.92,80.31,First Class
2023-10-06,2023-10-12,East,Customer_17,Product_24,Office Supplies,1413.23,210.57,Second Class
2021-04-04,2021-04-09,East,Customer_98,Product_29,Office Supplies,915.79,76.24,Same Day
2023-08-16,2023-08-21,East,Customer_70,Product_43,Technology,1338.84,,Second Class
2023-10-09,2023-10-11,West,Customer_70,Product_25,Technology,1676.36,481.65,Second Class
2022-03-29,2022-04-06,East,Customer_98,Product_36,Furniture,347.76,93.86,First Class
2023-07-01,2023-07-09,West,Customer_65,Product_26,Office Supplies,48.1,13.31,Second Class
2021-08-06,2021-08-07,Central,Customer_74,Product_38,Office Supplies,1560.41,464.82,Standard Class
2022-04-19,2022-04-27,South,Customer_85,Product_1,Furniture,1223.3,124.87,
2022-03-08,2022-03-13,East,Customer_5,Product_20,Technology,1402.28,194.72,Second Class
2021-12-07,2021-12-09,South,Customer_2,Product_28,Furniture,1677.93,364.62,First Class
2022-07-05,2022-07-07,West,Customer_22,Product_16,Technology,1607.59,274.82,Second Class
2021-12-23,2021-12-29,Central,Customer_57,Product_47,Furniture,1922.23,297.17,
2021-01-23,2021-02-01,Central,Customer_66,Product_17,Technology,1076.51,150.12,First Class
2022-06-06,2022-06-07,,Customer_74,Product_40,Furniture,982.11,194.89,
2023-03-13,2023-03-19,South,Customer_98,Product_28,Technology,809.76,157.01,Standard Class
2023-02-01,2023-02-10,West,Customer_16,Product_12,Technology,315.85,28.54,Standard Class
2022-03-18,2022-03-26,East,Customer_51,Product_27,Technology,1149.49,193.04,First Class
2023-02-08,2023-02-14,East,Customer_39,Product_42,Technology,561.25,105.72,First Class
2023-10-13,2023-10-16,West,Customer_86,Product_47,Technology,1843.4,354.99,Second Class
2022-05-31,2022-06-08,South,Customer_76,Product_30,Office Supplies,1170.55,120.01,Same Day
2023-11-06,2023-11-15,East,Customer_88,Product_41,Technology,1189.75,280.27,Second Class
2023-03-03,2023-03-04,West,Customer_40,Product_34,Office Supplies,716.3,40.33,Standard Class
2021-12-02,2021-12-11,East,Customer_38,Product_37,Technology,113.46,,Same Day
2021-09-15,2021-09-21,Central,Customer_60,Product_6,Office Supplies,73.17,17.93,Same Day
2022-05-12,2022-05-18,East,Customer_59,Product_7,Office Supplies,852.44,162.79,Same Day
2023-06-15,2023-06-19,South,Customer_10,Product_32,Furniture,178.29,20.56,Second Class
2021-06-09,2021-06-10,West,Customer_99,Product_32,Technology,1217.63,,Standard Class
2023-05-02,2023-05-10,South,Customer_64,Product_25,Furniture,1763.14,338.25,First Class
2022-11-21,2022-11-23,West,Customer_63,Product_33,Furniture,1767.0,440.09,Second Class
2022-01-15,2022-01-16,Central,Customer_49,Product_7,Technology,1321.5,308.91,First Class
2023-08-15,2023-08-17,West,Customer_64,Product_12,Furniture,430.35,87.16,Same Day
2022-11-22,2022-11-23,,Customer_32,Product_16,Technology,1727.36,297.18,Same Day
2023-12-03,2023-12-04,East,Customer_7,Product_16,Furniture,1773.33,147.71,Second Class
2021-10-12,2021-10-21,Central,Customer_21,Product_43,Technology,401.34,46.29,Standard Class
2022-02-01,2022-02-02,West,Customer_20,Product_36,Technology,1477.48,228.68,Same Day
2021-01-12,2021-01-16,Central,Customer_26,Product_13,Technology,580.17,115.93,First Class
2022-05-14,2022-05-20,East,Customer_68,Product_7,Office Supplies,1607.25,286.78,First Class
2023-01-24,2023-01-31,South,Customer_86,Product_36,Furniture,1994.5,243.42,Second Class
2021-02-04,2021-02-06,Central,Customer_15,Product_47,Office Supplies,69.75,3.6,First Class
2022-12-28,2023-01-03,South,Customer_85,Product_9,Furniture,1795.76,312.57,Standard Class
2023-04-29,2023-05-06,South,Customer_79,Product_32,Furniture,1249.03,,Same Day
2021-03-31,2021-04-02,West,Customer_86,Product_11,Furniture,1947.03,454.93,First Class
2023-02-15,2023-02-17,Central,Customer_92,Product_8,Office Supplies,935.37,52.37,First Class
2022-08-28,2022-09-04,South,Customer_14,Product_33,Furniture,1696.3,332.83,Same Day
2023-08-28,2023-08-29,South,Customer_27,Product_23,Office Supplies,134.16,38.29,Second Class
2023-10-19,2023-10-27,West,Customer_40,Product_25,Technology,677.21,63.39,First Class
2022-02-22,2022-02-25,West,Customer_58,Product_8,Furniture,143.36,24.07,Second Class
2021-04-25,2021-05-01,East,Customer_28,Product_45,Furniture,1950.93,142.14,Second Class
2022-09-09,2022-09-18,South,Customer_26,Product_22,Technology,1635.78,337.66,First Class
2023-04-06,2023-04-12,East,Customer_63,Product_4,Technology,1706.57,320.21,Standard Class
2022-02-17,2022-02-26,South,Customer_66,Product_40,Furniture,1876.55,284.94,Second Class
2022-12-30,2023-01-06,East,Customer_25,Product_3,Technology,179.36,32.35,First Class
2023-10-18,2023-10-27,West,Customer_3,Product_29,Office Supplies,777.34,213.1,Second Class
2023-01-31,2023-02-02,Central,Customer_72,Product_41,Office Supplies,151.36,15.0,Same Day
2022-11-07,2022-11-15,West,Customer_44,Product_29,Furniture,429.48,23.9,Standard Class
2022-04-02,2022-04-10,East,Customer_97,Product_34,Office Supplies,466.44,123.8,Standard Class
2023-07-09,2023-07-11,East,Customer_42,Product_34,Office Supplies,943.52,183.31,Same Day
2021-07-11,2021-07-15,Central,Customer_99,Product_28,Furniture,544.44,148.45,Same Day
2023-01-09,2023-01-16,South,Customer_6,Product_13,Technology,210.95,42.03,Second Class
2023-09-05,2023-09-09,East,Customer_39,Product_15,Furniture,343.31,86.7,Same Day
2023-10-06,2023-10-10,East,Customer_52,Product_23,Office Supplies,303.08,47.71,Standard Class
2021-04-06,2021-04-12,East,Customer_23,Product_44,Furniture,1946.42,,Same Day
2022-10-25,2022-10-31,Central,Customer_89,Product_26,Furniture,1520.99,423.23,First Class
2021-02-06,2021-02-09,West,Customer_50,Product_4,Office Supplies,1935.85,373.68,First Class
2021-10-06,2021-10-15,East,Customer_43,Product_26,Office Supplies,885.08,84.26,Second Class
2021-08-05,2021-08-07,Central,Customer_19,Product_40,Furniture,563.95,66.09,Standard Class
2023-05-17,2023-05-23,East,Customer_69,Product_9,Office Supplies,1598.6,159.32,First Class
2023-05-23,2023-05-30,South,Customer_51,Product_5,Office Supplies,659.25,73.65,Same Day
2021-03-03,2021-03-12,Central,Customer_11,Product_32,Office Supplies,605.77,76.69,First Class
2022-08-19,2022-08-22,East,Customer_12,Product_20,Office Supplies,472.69,89.24,
2022-12-30,2023-01-02,Central,Customer_74,Product_11,Office Supplies,268.06,52.81,Second Class
2022-02-01,2022-02-08,East,Customer_8,Product_15,Office Supplies,520.36,81.5,Same Day
2022-11-30,2022-12-04,West,Customer_24,Product_32,Technology,717.09,146.18,Same Day
2023-11-09,2023-11-17,East,Customer_92,Product_28,Furniture,1351.25,95.12,Same Day
2021-06-26,2021-07-03,Central,Customer_41,Product_22,Office Supplies,134.5,9.68,Second Class
2022-01-31,2022-02-05,South,Customer_36,Product_41,Furniture,428.91,39.87,Same Day
2022-03-21,2022-03-28,South,Customer_85,Product_17,Technology,1619.96,290.81,Same Day
2021-03-17,2021-03-20,South,Customer_72,Product_26,Office Supplies,302.37,31.29,First Class
2021-09-22,2021-09-24,East,Customer_55,Product_44,Furniture,691.86,,First Class
2022-03-31,2022-04-06,West,Customer_9,Product_7,Office Supplies,1730.67,259.74,Same Day
2022-12-19,2022-12-21,East,Customer_47,Product_42,Office Supplies,318.3,,Standard Class
2023-01-05,2023-01-08,,Customer_15,Product_26,Office Supplies,174.65,9.34,Standard Class
2023-05-01,2023-05-07,Central,Customer_48,Product_25,Office Supplies,974.23,206.87,Same Day
2021-05-24,2021-05-29,South,Customer_82,Product_10,Office Supplies,611.81,132.9,Standard Class
2023-06-04,2023-06-12,Central,Customer_42,Product_45,Office Supplies,1131.18,282.41,Second Class
2023-12-29,2024-01-07,West,Customer_60,Product_19,Office Supplies,1609.57,455.81,First Class
2022-01-31,2022-02-03,Central,Customer_84,Product_11,Technology,282.93,15.57,Second Class
2023-11-15,2023-11-18,East,Customer_70,Product_13,Technology,1165.59,103.09,First Class
2023-08-06,2023-08-09,East,Customer_12,Product_8,Office Supplies,1015.96,275.88,Standard Class
2023-06-10,2023-06-16,East,Customer_2,Product_40,Office Supplies,296.72,48.85,Standard Class
2022-07-23,2022-07-24,Central,Customer_7,Product_4,Technology,1251.76,239.27,Same Day
2023-11-29,2023-12-06,East,Customer_80,Product_47,Technology,554.54,119.65,Standard Class
2021-04-19,2021-04-20,East,Customer_3,Product_31,Technology,980.79,215.54,Standard Class
2023-12-02,2023-12-07,East,Customer_3,Product_28,Office Supplies,173.72,49.15,Same Day
2023-07-24,2023-08-01,West,Customer_27,Product_11,Furniture,924.57,276.67,Same Day
2022-02-02,2022-02-06,Central,Customer_40,Product_43,Furniture,619.86,142.59,First Class
2022-09-26,2022-10-01,Central,Customer_33,Product_1,Furniture,1646.54,200.56,Standard Class
2023-01-03,2023-01-07,South,Customer_92,Product_49,Furniture,123.39,33.31,First Class
2021-08-23,2021-08-27,Central,Customer_1,Product_47,Office Supplies,843.03,52.53,First Class
2022-10-20,2022-10-28,West,Customer_8,Product_38,Furniture,922.28,99.39,Second Class
2023-01-21,2023-01-23,Central,Customer_32,Product_24,Technology,1452.76,398.56,Standard Class
2022-08-11,2022-08-12,,Customer_48,Product_47,Technology,1152.83,131.48,Standard Class
2023-10-30,2023-11-02,West,Customer_4,Product_31,Furniture,1337.75,140.68,Second Class
2023-08-12,2023-08-21,Central,Customer_94,Product_41,Technology,1556.33,131.56,First Class
2022-05-07,2022-05-11,South,Customer_70,Product_46,Office Supplies,1725.78,,Standard Class
2023-07-02,2023-07-07,East,Customer_19,Product_26,Furniture,634.61,111.07,First Class
2021-06-19,2021-06-21,East,Customer_32,Product_49,Furniture,1080.67,236.37,Second Class
2023-08-04,2023-08-08,Central,Customer_9,Product_5,Office Supplies,1681.82,184.61,
2023-03-06,2023-03-08,Central,Customer_12,Product_20,Technology,1979.01,473.99,First Class
2022-09-26,2022-09-28,West,Customer_11,Product_41,Office Supplies,1780.14,427.24,Standard Class
2021-01-29,2021-02-02,Central,Customer_46,Product_11,Office Supplies,749.22,96.01,Same Day
2021-12-05,2021-12-11,West,Customer_16,Product_33,Technology,398.38,60.82,First Class
2022-05-15,2022-05-22,South,Customer_1,Product_38,Office Supplies,983.89,100.77,First Class
2022-05-26,2022-05-29,Central,Customer_63,Product_27,Technology,1485.87,437.05,Same Day
2021-08-05,2021-08-08,East,Customer_21,Product_34,Technology,990.21,209.33,Same Day
2023-12-30,2024-01-05,East,Customer_30,Product_15,Office Supplies,971.53,275.56,Same Day
2022-03-21,2022-03-24,Central,Customer_13,Product_32,Technology,1678.08,211.18,Standard Class
2023-05-26,2023-05-28,West,Customer_34,Product_21,Office Supplies,729.19,179.0,Standard Class
2021-06-16,2021-06-24,East,Customer_4,Product_46,Technology,1720.99,415.56,First Class
2021-04-01,2021-04-06,West,Customer_28,Product_5,Furniture,819.54,182.69,First Class
2022-12-15,2022-12-16,Central,Customer_95,Product_6,Technology,663.18,193.26,Second Class
2021-02-08,2021-02-11,Central,Customer_59,Product_38,Technology,913.44,135.54,Standard Class
2021-06-22,2021-06-30,East,Customer_27,Product_22,Office Supplies,1527.27,126.27,First Class
2022-10-15,2022-10-19,Central,Customer_69,Product_18,Technology,260.74,56.82,Same Day
2023-01-24,2023-01-31,South,Customer_25,Product_14,Furniture,400.87,93.13,Same Day
2023-12-18,2023-12-20,South,Customer_3,Product_10,Furniture,1903.38,368.81,Standard Class
2022-04-21,2022-04-28,East,Customer_97,Product_46,Technology,359.23,36.54,Same Day
2022-04-01,2022-04-06,South,Customer_68,Product_13,Technology,1139.78,200.73,Second Class
2023-04-09,2023-04-14,West,Customer_25,Product_31,Furniture,1162.84,,First Class
2023-06-14,2023-06-20,East,Customer_20,Product_30,Office Supplies,984.35,154.41,First Class
2023-10-22,2023-10-31,East,Customer_34,Product_3,Furniture,1293.04,273.23,First Class
2022-01-22,2022-01-28,West,Customer_26,Product_30,Furniture,467.36,110.44,Standard Class
2021-12-14,2021-12-22,South,Customer_5,Product_6,Technology,1109.8,119.92,Same Day
2021-07-09,2021-07-16,South,Customer_99,Product_29,Technology,750.62,113.59,Second Class
2022-05-20,2022-05-29,South,Customer_61,Product_8,Furniture,1326.72,155.61,Standard Class
2023-04-04,2023-04-08,East,Customer_92,Product_44,Office Supplies,291.03,29.0,First Class
2023-07-18,2023-07-20,East,Customer_93,Product_45,Furniture,1146.05,281.75,Second Class
2023-07-23,2023-07-30,South,Customer_9,Product_43,Furniture,378.69,105.02,First Class
2021-05-14,2021-05-20,Central,Customer_50,Product_44,Office Supplies,564.5,80.47,First Class
2021-02-27,2021-02-28,South,Customer_6,Product_33,Furniture,445.23,105.88,Standard Class
2022-11-16,2022-11-25,West,Customer_83,Product_17,Furniture,373.85,102.53,First Class
2022-11-03,2022-11-12,East,Customer_60,Product_48,Technology,1653.16,,Second Class
2021-06-22,2021-06-24,West,Customer_44,Product_11,Office Supplies,578.56,55.37,First Class
2023-03-26,2023-03-29,West,Customer_11,Product_13,Technology,1854.98,536.22,Same Day
2021-03-21,2021-03-26,East,Customer_66,Product_11,Technology,1940.15,279.71,First Class
2023-06-05,2023-06-10,Central,Customer_47,Product_31,Office Supplies,1146.81,154.6,Standard Class
2021-07-22,2021-07-23,South,Customer_73,Product_28,Office Supplies,294.57,19.33,Second Class
2023-02-03,2023-02-11,West,Customer_85,Product_44,Furniture,755.35,129.58,Standard Class
2021-02-16,2021-02-24,East,Customer_88,Product_6,Technology,1597.49,123.41,Same Day
2022-10-18,2022-10-22,West,Customer_98,Product_41,Office Supplies,741.11,83.1,First Class
2022-04-16,2022-04-23,South,Customer_86,Product_16,Technology,183.16,23.67,Standard Class
2023-08-29,2023-09-01,Central,Customer_3,Product_4,Technology,1118.0,281.97,
2023-11-02,2023-11-08,Central,Customer_76,Product_35,Office Supplies,1691.79,454.88,Standard Class
2023-01-06,2023-01-15,Central,Customer_92,Product_48,Furniture,1593.89,200.22,Standard Class
2023-02-23,2023-02-24,East,Customer_30,Product_26,Technology,358.5,94.89,Same Day
2023-08-26,2023-08-31,East,Customer_90,Product_12,Office Supplies,1348.8,356.5,Same Day
2021-12-24,2021-12-28,Central,Customer_21,Product_11,Furniture,448.8,,First Class
2023-08-30,2023-09-07,South,Customer_28,Product_37,Technology,444.23,38.5,First Class
2022-10-30,2022-10-31,South,Customer_90,Product_25,Office Supplies,1749.4,389.38,Second Class
2022-01-08,2022-01-17,East,Customer_62,Product_18,Technology,506.84,145.09,Same Day
2023-10-29,2023-11-04,Central,Customer_33,Product_19,Office Supplies,533.86,117.79,Standard Class
2022-11-07,2022-11-11,South,Customer_85,Product_23,Office Supplies,11.3,1.5,Standard Class
2021-03-31,2021-04-09,South,Customer_35,Product_38,Technology,1742.63,305.21,Second Class
2022-11-29,2022-12-04,South,Customer_52,Product_18,Technology,1587.26,335.6,Standard Class
2022-06-24,2022-06-29,East,Customer_34,Product_26,Office Supplies,1258.38,223.54,Second Class
2023-01-02,2023-01-07,Central,Customer_41,Product_6,Furniture,1503.03,120.22,First Class
2023-05-19,2023-05-20,West,Customer_51,Product_4,Technology,312.58,40.02,Same Day
2021-02-10,2021-02-11,Central,Customer_47,Product_44,Office Supplies,922.06,231.07,
2023-01-10,2023-01-18,Central,Customer_82,Product_29,Office Supplies,708.93,188.12,Standard Class
2022-05-17,2022-05-25,East,Customer_58,Product_34,Furniture,196.62,16.58,Second Class
2023-08-17,2023-08-23,South,Customer_75,Product_17,Furniture,977.4,281.59,First Class
2023-07-18,2023-07-22,South,Customer_57,Product_43,Furniture,1842.27,243.56,Standard Class
2022-04-06,2022-04-08,East,Customer_23,Product_43,Technology,89.72,19.34,First Class
2023-01-02,2023-01-04,East,Customer_48,Product_16,Office Supplies,590.01,140.4,First Class
2023-01-22,2023-01-31,East,Customer_22,Product_2,Office Supplies,423.01,,Second Class
2023-07-14,2023-07-19,East,Customer_17,Product_34,Office Supplies,483.91,138.61,First Class
2023-06-28,2023-07-02,East,Customer_69,Product_8,Furniture,1817.78,233.09,Standard Class
2022-01-25,2022-01-26,West,Customer_11,Product_13,Office Supplies,941.46,249.14,
2023-06-02,2023-06-09,Central,Customer_94,Product_42,Technology,937.94,77.78,First Class
2021-09-13,2021-09-16,,Customer_15,Product_8,Furniture,1523.55,344.72,Second Class
2022-12-10,2022-12-16,Central,Customer_91,Product_30,Furniture,317.44,74.76,First Class
2022-03-26,2022-03-31,South,Customer_35,Product_32,Furniture,979.66,214.97,Same Day
2021-01-10,2021-01-15,West,Customer_33,Product_36,Furniture,865.67,97.89,Second Class
2023-04-04,2023-04-09,Central,Customer_84,Product_47,Technology,1197.85,321.34,Second Class
2023-03-09,2023-03-10,South,Customer_16,Product_30,Office Supplies,1999.12,,Standard Class
2023-05-27,2023-05-28,West,Customer_34,Product_1,Technology,1541.2,97.73,Standard Class
2023-10-26,2023-10-29,West,Customer_66,Product_43,Office Supplies,801.75,183.89,Standard Class
2023-10-13,2023-10-17,South,Customer_99,Product_39,Technology,1656.83,279.79,Standard Class
2022-01-09,2022-01-14,West,Customer_40,Product_17,Furniture,349.71,91.72,
2023-12-25,2023-12-27,South,Customer_28,Product_20,Furniture,70.62,10.3,Second Class
2021-05-26,2021-06-03,Central,Customer_47,Product_24,Technology,416.85,38.38,First Class
2021-08-12,2021-08-14,South,Customer_39,Product_22,Technology,687.42,178.12,Standard Class
2021-06-26,2021-07-05,West,Customer_70,Product_29,Office Supplies,1026.06,192.11,Standard Class
2023-05-03,2023-05-05,Central,Customer_73,Product_22,Technology,1234.11,120.08,Standard Class
2021-03-04,2021-03-13,Central,Customer_20,Product_44,Technology,1822.11,419.26,First Class
2023-04-07,2023-04-14,East,Customer_1,Product_9,Office Supplies,1024.61,182.15,Standard Class
2023-03-06,2023-03-14,East,Customer_72,Product_37,Office Supplies,1007.54,202.59,First Class
2022-11-20,2022-11-22,West,Customer_87,Product_10,Office Supplies,109.98,18.17,Second Class
2021-04-15,2021-04-22,South,Customer_63,Product_36,Technology,79.47,20.44,Second Class
2022-05-26,2022-06-01,South,Customer_67,Product_37,Office Supplies,1106.81,284.88,
2022-01-20,2022-01-24,West,Customer_4,Product_28,Furniture,881.98,200.52,Same Day
2022-02-09,2022-02-16,Central,Customer_58,Product_28,Furniture,1679.97,128.27,First Class
2023-04-03,2023-04-07,West,Customer_25,Product_42,Furniture,329.75,85.64,Standard Class
2022-06-02,2022-06-04,West,Customer_47,Product_43,Technology,59.69,13.0,Standard Class
2022-04-21,2022-04-28,,Customer_38,Product_21,Furniture,903.59,202.64,Standard Class
2022-12-10,2022-12-18,South,Customer_15,Product_24,Technology,482.58,67.92,Standard Class
2023-02-10,2023-02-12,West,Customer_63,Product_42,Technology,108.73,29.34,Same Day
2023-11-13,2023-11-18,South,Customer_21,Product_40,Furniture,1451.95,335.9,Standard Class
2023-09-24,2023-09-25,West,Customer_99,Product_2,Office Supplies,232.07,18.14,Same Day
2022-11-08,2022-11-15,Central,Customer_57,Product_8,Technology,1220.56,185.46,First Class
2022-12-15,2022-12-23,Central,Customer_53,Product_48,Furniture,569.29,154.62,Second Class
2021-03-24,2021-03-30,East,Customer_46,Product_27,Technology,355.26,21.95,Standard Class
2022-04-02,2022-04-07,Central,Customer_14,Product_22,Office Supplies,765.71,222.33,Second Class
2021-01-01,2021-01-07,East,Customer_100,Product_37,Office Supplies,1604.88,352.74,
2021-02-20,2021-02-22,,Customer_76,Product_27,Furniture,790.27,164.25,First Class
2022-11-16,2022-11-17,South,Customer_17,Product_29,Technology,1504.03,176.93,Standard Class
2022-12-18,2022-12-25,Central,Customer_39,Product_3,Technology,259.72,29.14,First Class
2022-03-25,2022-04-01,Central,Customer_9,Product_44,Technology,1547.82,441.93,Second Class
2023-05-31,2023-06-02,Central,Customer_99,Product_13,Technology,481.5,,Standard Class
2022-05-03,2022-05-05,West,Customer_77,Product_45,Furniture,1358.01,331.19,Same Day
2021-02-03,2021-02-04,East,Customer_79,Product_10,Office Supplies,1135.91,168.43,Standard Class
2021-04-05,2021-04-13,West,Customer_82,Product_36,Furniture,1859.0,157.67,Second Class
2021-06-03,2021-06-11,South,Customer_97,Product_9,Technology,780.77,41.13,Standard Class
2021-09-07,2021-09-08,,Customer_6,Product_27,Technology,141.67,26.36,Standard Class
2022-11-05,2022-11-13,South,Customer_91,Product_34,Office Supplies,48.12,14.14,Second Class
2022-03-14,2022-03-23,Central,Customer_23,Product_1,Technology,1655.45,235.54,Standard Class
2021-04-28,2021-05-02,South,Customer_59,Product_32,Furniture,1054.22,146.85,Standard Class
2023-02-10,2023-02-11,,Customer_91,Product_25,Furniture,1552.74,211.21,Second Class
2021-09-25,2021-09-26,East,Customer_98,Product_29,Office Supplies,476.51,85.84,First Class
2023-12-14,2023-12-17,South,Customer_46,Product_7,Furniture,696.72,,Second Class
2021-08-24,2021-08-29,South,Customer_38,Product_49,Furniture,69.91,18.87,Standard Class
2022-01-24,2022-01-29,West,Customer_14,Product_3,Furniture,1923.37,339.24,Same Day
2023-09-17,2023-09-26,Central,Customer_100,Product_20,Furniture,1339.06,236.93,Same Day
2023-02-02,2023-02-04,West,Customer_72,Product_20,Technology,1867.08,157.94,
2022-02-05,2022-02-07,West,Customer_62,Product_30,Furniture,538.34,159.18,Same Day
2022-09-16,2022-09-22,Central,Customer_35,Product_35,Office Supplies,1226.81,138.01,Standard Class
2023-02-06,2023-02-15,Central,Customer_19,Product_35,Office Supplies,1360.21,92.96,Standard Class
2023-07-08,2023-07-09,South,Customer_30,Product_49,Furniture,641.92,138.52,Second Class
2023-05-03,2023-05-12,South,Customer_78,Product_39,Office Supplies,1697.74,337.58,Standard Class
2022-08-01,2022-08-10,East,Customer_84,Product_27,Furniture,1894.85,291.4,First Class
2021-03-16,2021-03-25,West,Customer_25,Product_26,Office Supplies,1770.86,275.45,Standard Class
2022-03-11,2022-03-16,Central,Customer_40,Product_14,Office Supplies,1480.74,364.66,Second Class
2021-04-13,2021-04-22,South,Customer_88,Product_17,Furniture,562.15,55.61,First Class
2023-02-03,2023-02-07,Central,Customer_14,Product_18,Furniture,570.42,145.49,First Class
2023-01-08,2023-01-10,South,Customer_26,Product_45,Technology,1927.09,408.9,Same Day
2023-03-17,2023-03-23,East,Customer_87,Product_29,Furniture,30.47,4.72,Standard Class
2021-04-08,2021-04-12,East,Customer_22,Product_20,Furniture,1434.94,236.06,Second Class
2023-03-09,2023-03-15,Central,Customer_48,Product_27,Technology,1415.43,161.59,Same Day
2023-05-09,2023-05-12,,Customer_83,Product_18,Furniture,1249.15,297.33,Same Day
2022-03-11,2022-03-17,Central,Customer_51,Product_4,Furniture,1980.32,352.93,Standard Class
2022-03-23,2022-03-25,South,Customer_3,Product_1,Technology,630.64,82.12,Standard Class
2021-09-06,2021-09-08,West,Customer_42,Product_1,Furniture,686.54,136.63,
2021-06-15,2021-06-24,East,Customer_19,Product_26,Furniture,167.09,49.95,Same Day
2023-09-11,2023-09-18,South,Customer_73,Product_45,Technology,891.17,141.53,Second Class
2023-10-17,2023-10-20,West,Customer_28,Product_20,Technology,529.49,148.35,Same Day
2022-06-26,2022-06-27,West,Customer_84,Product_23,Office Supplies,693.34,94.47,Same Day
2023-01-29,2023-02-06,West,Customer_45,Product_10,Furniture,1670.8,106.4,Same Day
2021-03-22,2021-03-28,South,Customer_71,Product_11,Office Supplies,1871.61,189.15,Standard Class
2021-05-13,2021-05-20,South,Customer_78,Product_41,Office Supplies,379.61,58.72,Same Day
2023-03-08,2023-03-17,,Customer_63,Product_41,Technology,751.29,78.82,Same Day
2023-06-19,2023-06-24,West,Customer_73,Product_5,Furniture,1857.97,93.0,Same Day
2021-05-18,2021-05-19,West,Customer_19,Product_1,Furniture,133.0,37.07,First Class
2021-07-03,2021-07-10,West,Customer_47,Product_17,Technology,193.8,50.58,Standard Class
2023-02-24,2023-03-01,Central,Customer_14,Product_22,Office Supplies,333.95,78.67,First Class
2023-09-11,2023-09-14,West,Customer_38,Product_34,Technology,1194.47,,Standard Class
2021-03-10,2021-03-19,South,Customer_53,Product_45,Furniture,309.44,,Second Class
2022-06-30,2022-07-01,West,Customer_61,Product_41,Technology,1936.47,129.55,First Class
2021-02-22,2021-02-23,East,Customer_36,Product_29,Furniture,898.96,207.67,Second Class
2021-07-24,2021-07-25,South,Customer_40,Product_4,Office Supplies,1008.02,284.47,Same Day
2021-05-06,2021-05-09,Central,Customer_81,Product_5,Furniture,500.85,78.95,Second Class
2021-02-12,2021-02-18,West,Customer_30,Product_11,Office Supplies,947.21,75.57,Second Class
2021-04-21,2021-04-24,East,Customer_9,Product_21,Office Supplies,1327.21,236.37,Second Class
2023-01-31,2023-02-08,,Customer_64,Product_35,Furniture,1504.84,206.48,Second Class
2023-04-28,2023-04-30,Central,Customer_33,Product_12,Furniture,1510.2,217.03,Standard Class
2021-04-05,2021-04-14,South,Customer_52,Product_26,Office Supplies,1160.0,238.19,First Class
2023-06-19,2023-06-22,,Customer_89,Product_19,Technology,1809.68,415.65,Standard Class
2021-12-26,2021-12-31,Central,Customer_14,Product_45,Furniture,1636.64,127.09,Standard Class
2023-06-19,2023-06-27,Central,Customer_75,Product_7,Office Supplies,1516.53,89.32,Standard Class
2021-10-08,2021-10-10,Central,Customer_53,Product_47,Office Supplies,120.65,36.02,Second Class
2022-10-29,2022-11-04,West,Customer_99,Product_7,Technology,23.69,2.56,Standard Class
2021-04-03,2021-04-08,West,Customer_59,Product_26,Furniture,432.77,27.46,First Class
2022-11-03,2022-11-12,West,Customer_78,Product_40,Office Supplies,1330.41,129.67,Standard Class
2021-03-02,2021-03-07,West,Customer_94,Product_5,Technology,828.28,49.48,Same Day
2022-09-26,2022-09-28,East,Customer_41,Product_21,Office Supplies,810.79,119.96,Second Class
2023-12-11,2023-12-16,West,Customer_68,Product_14,Furniture,1770.33,443.65,Same Day
2023-10-26,2023-10-30,Central,Customer_68,Product_4,Technology,1792.17,242.5,First Class
2022-08-27,2022-09-03,West,Customer_92,Product_23,Office Supplies,1819.26,292.98,First Class
2022-11-13,2022-11-19,West,Customer_8,Product_42,Technology,634.62,138.92,First Class
2022-06-18,2022-06-20,South,Customer_2,Product_20,Furniture,1385.2,245.49,First Class
2023-04-18,2023-04-23,Central,Customer_86,Product_15,Technology,550.55,146.09,Standard Class
2022-10-07,2022-10-14,West,Customer_41,Product_45,Furniture,389.31,103.75,Second Class
2021-08-21,2021-08-28,West,Customer_55,Product_29,Office Supplies,377.42,19.81,First Class
2022-06-08,2022-06-13,West,Customer_16,Product_8,Furniture,690.79,168.91,Same Day
2021-12-12,2021-12-21,East,Customer_93,Product_41,Office Supplies,865.62,142.99,First Class
2023-12-06,2023-12-10,West,Customer_62,Product_48,Office Supplies,1663.59,494.44,Second Class
2022-06-30,2022-07-03,South,Customer_48,Product_19,Furniture,248.58,42.46,Same Day
2023-03-05,2023-03-09,Central,Customer_30,Product_48,Office Supplies,1472.5,,Same Day
2021-09-06,2021-09-11,Central,Customer_12,Product_39,Technology,1067.6,,Same Day
2021-02-16,2021-02-22,West,Customer_35,Product_46,Office Supplies,583.01,65.39,Standard Class
2021-08-02,2021-08-05,,Customer_11,Product_28,Furniture,990.71,182.88,First Class
2021-08-27,2021-08-29,West,Customer_64,Product_46,Technology,606.88,180.87,Standard Class
2023-12-16,2023-12-20,Central,Customer_50,Product_27,Technology,1196.2,316.25,Same Day
2021-12-16,2021-12-21,Central,Customer_85,Product_4,Office Supplies,873.35,64.93,Standard Class
2021-04-17,2021-04-21,East,Customer_21,Product_15,Office Supplies,337.17,76.4,Standard Class
2023-04-11,2023-04-14,South,Customer_69,Product_35,Furniture,242.0,33.01,Standard Class
2021-02-17,2021-02-25,East,Customer_48,Product_37,Technology,1097.92,56.81,First Class
2021-12-03,2021-12-07,South,Customer_20,Product_1,Furniture,1805.8,272.44,Same Day
2023-11-16,2023-11-18,East,Customer_67,Product_3,Office Supplies,694.48,75.48,Same Day
2023-03-15,2023-03-17,Central,Customer_44,Product_47,Technology,1468.67,374.1,First Class
2021-01-08,2021-01-09,East,Customer_33,Product_24,Furniture,1320.74,177.42,Standard Class
2022-09-17,2022-09-21,South,Customer_73,Product_27,Furniture,1863.79,478.77,Standard Class
2022-12-20,2022-12-29,West,Customer_61,Product_40,Furniture,1643.75,82.43,Second Class
2021-10-30,2021-11-06,South,Customer_9,Product_36,Furniture,1137.54,144.42,Second Class
2022-10-01,2022-10-08,West,Customer_68,Product_34,Furniture,1317.49,145.31,Second Class
2021-02-25,2021-03-04,Central,Customer_35,Product_29,Technology,1797.79,194.87,First Class
2022-12-27,2023-01-04,South,Customer_81,Product_24,Furniture,805.04,,
2022-06-10,2022-06-11,East,Customer_98,Product_24,Technology,660.32,63.91,Second Class
2022-04-19,2022-04-27,South,Customer_88,Product_42,Furniture,31.51,5.95,Same Day
2021-01-28,2021-02-01,West,Customer_96,Product_4,Office Supplies,1654.84,203.28,Same Day
2021-03-19,2021-03-23,Central,Customer_65,Product_3,Office Supplies,1603.95,247.57,Same Day
2021-12-31,2022-01-04,East,Customer_8,Product_34,Furniture,217.86,31.42,First Class
2022-10-28,2022-11-03,,Customer_45,Product_49,Office Supplies,1157.95,311.46,First Class
2022-06-10,2022-06-17,West,Customer_87,Product_23,Technology,933.32,257.9,First Class
2022-11-30,2022-12-06,East,Customer_47,Product_23,Furniture,246.23,42.66,First Class
2023-06-02,2023-06-03,Central,Customer_40,Product_45,Technology,1961.33,259.95,Second Class
2023-10-28,2023-11-05,East,Customer_76,Product_5,Furniture,437.24,33.54,Standard Class
2023-10-24,2023-10-31,Central,Customer_54,Product_31,Office Supplies,143.8,41.46,Standard Class
2023-07-08,2023-07-14,East,Customer_76,Product_41,Technology,1193.75,,
2023-01-20,2023-01-26,South,Customer_46,Product_6,Office Supplies,1480.34,184.17,Second Class
2021-12-29,2022-01-03,West,Customer_47,Product_37,Office Supplies,74.56,9.28,Standard Class
2023-03-17,2023-03-23,South,Customer_15,Product_10,Furniture,1320.85,171.84,Second Class
2023-01-09,2023-01-18,South,Customer_19,Product_40,Technology,1069.26,97.38,Second Class
2023-11-05,2023-11-14,Central,Customer_26,Product_7,Office Supplies,215.5,52.97,Second Class
2022-04-30,2022-05-08,Central,Customer_52,Product_39,Furniture,353.32,28.49,Standard Class
2021-01-28,2021-02-06,,Customer_93,Product_38,Furniture,1140.27,238.0,Same Day
2022-12-15,2022-12-23,South,Customer_22,Product_21,Furniture,599.75,48.56,Standard Class
2023-11-29,2023-12-07,East,Customer_21,Product_20,Office Supplies,1877.25,126.97,Standard Class
2021-03-27,2021-03-28,East,Customer_51,Product_3,Furniture,1639.29,454.67,First Class
2021-05-06,2021-05-11,South,Customer_38,Product_22,Technology,1967.3,191.88,Second Class
2023-03-23,2023-03-27,,Customer_20,Product_47,Technology,526.74,134.48,Same Day
2022-06-21,2022-06-23,West,Customer_29,Product_4,Office Supplies,1939.75,361.1,First Class
2021-05-25,2021-06-02,Central,Customer_51,Product_28,Technology,868.16,60.31,Same Day
2021-01-25,2021-01-28,Central,Customer_4,Product_12,Furniture,701.56,202.65,Same Day
2021-03-08,2021-03-12,South,Customer_55,Product_38,Office Supplies,110.2,12.31,Second Class
2021-08-21,2021-08-28,South,Customer_71,Product_36,Furniture,115.0,30.46,Standard Class
2021-04-19,2021-04-28,East,Customer_92,Product_47,Office Supplies,1387.1,127.89,Second Class
2021-04-21,2021-04-23,South,Customer_28,Product_41,Office Supplies,921.28,242.74,Second Class
2021-08-16,2021-08-19,East,Customer_4,Product_5,Furniture,460.78,24.56,First Class
2021-04-21,2021-04-25,South,Customer_22,Product_13,Technology,1231.8,219.19,Second Class
2021-02-03,2021-02-04,West,Customer_76,Product_23,Technology,513.19,124.38,Standard Class
2022-09-15,2022-09-22,West,Customer_45,Product_30,Office Supplies,1159.49,328.95,Same Day
2023-01-18,2023-01-20,East,Customer_67,Product_37,Furniture,724.83,201.0,Second Class
2022-08-18,2022-08-23,Central,Customer_86,Product_25,Furniture,1648.87,420.31,Same Day
2022-03-01,2022-03-02,West,Customer_66,Product_48,Office Supplies,1643.19,447.03,Second Class
2022-09-05,2022-09-08,East,Customer_88,Product_27,Technology,959.93,95.81,Same Day
2022-11-23,2022-11-25,South,Customer_34,Product_14,Furniture,708.13,85.72,Second Class
2021-11-11,2021-11-12,South,Customer_91,Product_48,Technology,731.49,89.42,
2023-05-27,2023-06-03,East,Customer_55,Product_47,Technology,1613.37,232.75,Same Day
2022-10-24,2022-10-29,Central,Customer_1,Product_36,Office Supplies,663.08,98.35,Second Class
2021-10-04,2021-10-05,East,Customer_72,Product_39,Office Supplies,426.03,79.3,Second Class
2022-09-16,2022-09-22,East,Customer_87,Product_16,Technology,178.53,16.06,First Class
2022-05-31,2022-06-05,West,Customer_38,Product_22,Furniture,938.72,209.16,First Class
2023-04-23,2023-04-26,East,Customer_6,Product_21,Furniture,969.44,89.08,First Class
2021-12-16,2021-12-23,East,Customer_86,Product_21,Office Supplies,1683.41,214.76,Same Day
2023-04-03,2023-04-12,South,Customer_25,Product_8,Technology,450.27,79.17,Same Day
2023-01-29,2023-02-07,West,Customer_82,Product_49,Furniture,768.17,191.36,First Class
2023-06-18,2023-06-27,South,Customer_17,Product_16,Furniture,1618.73,380.19,Standard Class
2021-08-31,2021-09-02,South,Customer_61,Product_31,Office Supplies,1649.01,348.57,Standard Class
2022-06-27,2022-06-30,Central,Customer_12,Product_42,Technology,775.38,68.96,Second Class
2023-11-30,2023-12-07,Central,Customer_6,Product_10,Furniture,923.66,172.5,Standard Class
2021-08-17,2021-08-22,,Customer_90,Product_32,Office Supplies,613.54,44.09,Second Class
2022-07-02,2022-07-04,West,Customer_27,Product_34,Furniture,1865.78,269.31,Same Day
2023-07-09,2023-07-12,Central,Customer_8,Product_9,Furniture,246.1,37.75,Same Day
2021-01-06,2021-01-12,Central,Customer_83,Product_17,Furniture,1868.16,112.0,Standard Class
2022-04-13,2022-04-20,Central,Customer_65,Product_11,Office Supplies,1370.89,162.45,Same Day
2021-03-16,2021-03-25,Central,Customer_57,Product_32,Technology,1067.83,308.51,First Class
2021-01-04,2021-01-05,Central,Customer_93,Product_10,Office Supplies,74.99,21.63,First Class
2022-10-08,2022-10-15,South,Customer_99,Product_22,Technology,956.44,,Standard Class
2021-04-28,2021-05-06,West,Customer_40,Product_17,Furniture,821.42,49.92,Standard Class
2023-05-31,2023-06-03,South,Customer_14,Product_4,Technology,330.83,31.35,Second Class
2022-05-19,2022-05-23,South,Customer_35,Product_48,Furniture,1316.26,194.88,Same Day
2023-08-05,2023-08-11,East,Customer_48,Product_47,Furniture,1942.59,557.42,Second Class
2022-07-28,2022-08-04,,Customer_84,Product_25,Office Supplies,1128.76,96.28,
2021-07-13,2021-07-17,Central,Customer_56,Product_21,Furniture,1432.36,345.03,First Class
2023-04-27,2023-05-05,Central,Customer_49,Product_37,Office Supplies,146.22,11.28,First Class
2022-12-16,2022-12-21,,Customer_13,Product_38,Technology,841.16,248.41,First Class
2023-11-16,2023-11-17,East,Customer_61,Product_49,Technology,241.55,35.12,First Class
2021-06-22,2021-06-26,East,Customer_49,Product_1,Furniture,1229.46,299.75,Second Class
2021-11-22,2021-11-25,East,Customer_46,Product_25,Office Supplies,1877.58,254.69,First Class
2023-04-16,2023-04-25,East,Customer_62,Product_36,Furniture,1326.94,274.57,Same Day
2022-12-25,2023-01-02,South,Customer_8,Product_17,Office Supplies,162.84,15.96,First Class
2021-08-13,2021-08-14,East,Customer_43,Product_41,Office Supplies,715.79,61.92,First Class
2022-06-16,2022-06-22,South,Customer_20,Product_24,Office Supplies,1105.82,314.62,First Class
2021-04-23,2021-05-02,West,Customer_97,Product_2,Technology,812.38,226.99,Standard Class
2021-05-20,2021-05-27,East,Customer_90,Product_40,Office Supplies,1668.95,453.73,Same Day
2022-07-13,2022-07-17,East,Customer_39,Product_15,Technology,1631.2,336.61,Same Day
2021-01-01,2021-01-02,South,Customer_85,Product_32,Office Supplies,1227.54,309.42,Second Class
2021-03-31,2021-04-02,West,Customer_49,Product_39,Technology,753.18,50.66,Second Class
2022-10-16,2022-10-21,South,Customer_64,Product_6,Technology,518.12,69.27,First Class
2021-11-16,2021-11-21,South,Customer_62,Product_1,Technology,220.69,28.34,Standard Class
2021-05-19,2021-05-27,East,Customer_54,Product_47,Furniture,716.25,149.63,Second Class
2023-04-25,2023-05-01,Central,Customer_9,Product_23,Office Supplies,832.21,115.67,Second Class
2021-09-16,2021-09-24,Central,Customer_88,Product_39,Furniture,1354.89,118.05,
2023-06-21,2023-06-23,South,Customer_37,Product_17,Office Supplies,1319.74,262.78,
2022-11-21,2022-11-24,East,Customer_49,Product_34,Office Supplies,149.52,37.92,Second Class
2021-01-10,2021-01-16,West,Customer_41,Product_41,Furniture,796.57,115.93,Second Class
2021-09-18,2021-09-21,Central,Customer_17,Product_29,Technology,371.74,30.88,Same Day
2021-06-21,2021-06-27,West,Customer_88,Product_9,Office Supplies,322.06,31.94,Standard Class
2023-06-17,2023-06-23,Central,Customer_21,Product_13,Technology,1656.33,181.15,Same Day
2021-01-13,2021-01-15,East,Customer_51,Product_6,Furniture,93.41,11.67,Second Class
2021-11-17,2021-11-24,South,Customer_59,Product_6,Technology,844.17,177.87,Same Day
2021-11-25,2021-11-27,West,Customer_39,Product_20,Office Supplies,344.73,69.03,Same Day
2023-02-24,2023-03-02,West,Customer_55,Product_3,Office Supplies,1759.87,394.25,Second Class
2023-02-16,2023-02-17,South,Customer_41,Product_17,Office Supplies,1118.51,157.29,First Class
2023-06-30,2023-07-03,West,Customer_39,Product_49,Furniture,470.45,120.43,Second Class
2021-11-14,2021-11-16,Central,Customer_13,Product_12,Office Supplies,1009.83,102.01,
2021-08-24,2021-08-31,,Customer_64,Product_48,Furniture,1465.66,245.15,Second Class
2021-11-30,2021-12-04,Central,Customer_11,Product_47,Technology,1916.65,479.61,Second Class
2022-01-11,2022-01-19,,Customer_19,Product_45,Office Supplies,448.69,42.64,Second Class
2022-08-11,2022-08-17,East,Customer_11,Product_1,Office Supplies,1773.5,137.39,Standard Class
2022-05-28,2022-06-01,Central,Customer_77,Product_17,Office Supplies,1869.27,506.42,First Class
2023-07-07,2023-07-12,East,Customer_46,Product_3,Technology,1833.68,248.89,Standard Class
2023-05-23,2023-06-01,West,Customer_45,Product_26,Office Supplies,1274.47,281.62,Second Class
2021-09-27,2021-10-04,West,Customer_1,Product_15,Furniture,1263.34,71.17,Same Day
2023-03-09,2023-03-18,East,Customer_40,Product_36,Technology,812.39,180.77,Standard Class
2022-12-26,2023-01-02,,Customer_19,Product_32,Technology,1507.27,194.48,First Class
2021-01-05,2021-01-06,South,Customer_76,Product_32,Technology,1067.28,68.24,Second Class
2023-05-01,2023-05-09,South,Customer_72,Product_4,Technology,1358.1,,Standard Class
2021-03-19,2021-03-23,East,Customer_72,Product_18,Technology,862.63,95.06,Same Day
2022-07-28,2022-07-31,West,Customer_61,Product_49,Furniture,1465.68,,Standard Class
2021-05-12,2021-05-19,West,Customer_12,Product_19,Technology,1650.7,115.79,First Class
2022-08-24,2022-08-27,South,Customer_61,Product_43,Office Supplies,301.41,26.16,
2023-12-02,2023-12-10,East,Customer_33,Product_35,Technology,1667.53,207.6,Same Day
2021-03-30,2021-04-05,South,Customer_45,Product_40,Technology,1085.19,78.61,Same Day
2022-02-06,2022-02-11,Central,Customer_90,Product_14,Technology,1690.89,469.57,First Class
2021-10-23,2021-10-27,Central,Customer_92,Product_33,Technology,868.29,44.73,Same Day
2022-09-08,2022-09-16,East,Customer_69,Product_14,Technology,764.29,130.67,Second Class
2023-03-11,2023-03-19,East,Customer_8,Product_34,Furniture,1830.97,147.96,Same Day
2022-02-26,2022-02-27,Central,Customer_25,Product_4,Furniture,509.83,64.71,Second Class
2023-11-13,2023-11-22,West,Customer_91,Product_24,Technology,1689.98,475.75,Standard Class
2022-07-29,2022-08-03,East,Customer_46,Product_29,Furniture,973.2,88.0,Second Class
2021-05-23,2021-05-27,Central,Customer_87,Product_19,Office Supplies,1033.05,301.09,Second Class
2023-09-20,2023-09-26,Central,Customer_30,Product_6,Technology,623.85,63.29,Standard Class
2022-10-27,2022-11-02,West,Customer_47,Product_33,Office Supplies,1150.35,270.78,Same Day
2021-05-25,2021-05-27,West,Customer_87,Product_49,Office Supplies,657.17,122.67,Second Class
2023-10-04,2023-10-12,West,Customer_49,Product_40,Technology,88.15,23.9,Same Day
2022-05-18,2022-05-25,West,Customer_47,Product_19,Office Supplies,551.28,103.92,Standard Class
2023-04-01,2023-04-02,South,Customer_84,Product_1,Office Supplies,22.69,4.17,First Class
2021-04-14,2021-04-19,West,Customer_82,Product_5,Office Supplies,1956.93,193.47,Same Day
2023-11-29,2023-12-05,South,Customer_18,Product_27,Technology,1931.84,176.87,Same Day
2021-07-17,2021-07-21,East,Customer_66,Product_16,Technology,796.36,222.28,First Class
2022-08-02,2022-08-04,Central,Customer_68,Product_6,Office Supplies,1459.46,192.59,First Class
2022-01-26,2022-01-30,South,Customer_94,Product_40,Technology,698.15,99.85,Standard Class
2022-07-08,2022-07-09,East,Customer_33,Product_13,Technology,1345.48,322.86,
2023-11-05,2023-11-12,East,Customer_36,Product_48,Office Supplies,1612.81,217.25,Same Day
2022-04-23,2022-04-25,South,Customer_82,Product_35,Technology,1894.04,545.51,Standard Class
2023-07-12,2023-07-14,East,Customer_19,Product_19,Furniture,806.42,189.09,Same Day
2022-02-24,2022-03-05,East,Customer_28,Product_12,Technology,1568.76,312.74,Second Class
2021-06-06,2021-06-11,South,Customer_40,Product_16,Furniture,539.2,145.7,Second Class
2022-07-04,2022-07-06,East,Customer_84,Product_43,Office Supplies,1980.76,123.6,Second Class
2023-10-18,2023-10-27,West,Customer_97,Product_10,Technology,61.28,7.0,Same Day
2023-09-24,2023-10-03,West,Customer_76,Product_25,Office Supplies,1211.02,201.34,Second Class
2023-08-09,2023-08-10,Central,Customer_15,Product_20,Office Supplies,1322.42,141.16,Second Class
2021-10-16,2021-10-19,East,Customer_41,Product_31,Office Supplies,1379.21,325.46,
2021-07-15,2021-07-19,Central,Customer_39,Product_4,Office Supplies,249.57,69.83,Standard Class
2022-08-21,2022-08-28,West,Customer_2,Product_44,Office Supplies,1877.67,292.81,First Class
2022-06-01,2022-06-05,West,Customer_63,Product_23,Technology,370.55,50.22,First Class
2023-05-15,2023-05-17,West,Customer_29,Product_2,Furniture,1249.28,362.78,First Class
2023-03-17,2023-03-24,East,Customer_74,Product_22,Technology,453.13,73.05,First Class
2023-03-26,2023-04-01,East,Customer_66,Product_37,Technology,621.36,107.04,Standard Class
2021-08-16,2021-08-19,West,Customer_51,Product_8,Technology,1097.45,151.35,Standard Class
2021-08-04,2021-08-10,Central,Customer_75,Product_7,Technology,840.21,233.06,Standard Class
2023-08-06,2023-08-12,Central,Customer_77,Product_14,Furniture,328.85,63.22,Second Class
2021-01-15,2021-01-20,South,Customer_10,Product_3,Technology,350.16,84.23,Second Class
2021-02-16,2021-02-20,West,Customer_14,Product_16,Office Supplies,842.11,213.01,First Class
2021-11-20,2021-11-21,Central,Customer_82,Product_19,Technology,1516.99,205.49,Second Class
2023-04-24,2023-04-30,West,Customer_51,Product_18,Technology,1796.95,284.68,Same Day
2021-05-10,2021-05-12,Central,Customer_73,Product_16,Furniture,177.41,46.5,Standard Class
2021-04-05,2021-04-08,South,Customer_39,Product_8,Furniture,792.28,111.56,First Class
2022-09-19,2022-09-27,South,Customer_28,Product_33,Office Supplies,209.49,52.05,First Class
2023-01-25,2023-01-31,West,Customer_3,Product_49,Technology,43.02,12.27,Same Day
2023-03-05,2023-03-08,Central,Customer_84,Product_12,Technology,1326.82,273.06,Second Class
2021-03-10,2021-03-17,East,Customer_70,Product_11,Technology,1208.87,284.58,First Class
2021-01-11,2021-01-15,South,Customer_27,Product_5,Office Supplies,334.41,84.03,Second Class
2023-05-22,2023-05-31,West,Customer_2,Product_27,Furniture,475.29,124.17,Second Class
2022-07-04,2022-07-09,West,Customer_93,Product_12,Office Supplies,57.18,8.51,Same Day
2022-12-13,2022-12-16,Central,Customer_38,Product_17,Technology,1671.54,105.0,First Class
2021-01-23,2021-01-25,West,Customer_3,Product_6,Furniture,1949.63,293.36,Second Class
2023-03-26,2023-03-28,South,Customer_16,Product_33,Furniture,279.56,61.07,Second Class
2021-12-12,2021-12-15,West,Customer_94,Product_5,Office Supplies,470.64,76.52,Same Day
2021-10-29,2021-10-31,West,Customer_40,Product_28,Furniture,1738.13,412.36,Same Day
2021-12-29,2022-01-02,East,Customer_2,Product_14,Furniture,1853.66,258.11,Second Class
2022-01-31,2022-02-02,East,Customer_81,Product_5,Technology,845.06,,Same Day
2021-08-06,2021-08-15,South,Customer_41,Product_33,Technology,110.74,10.7,Second Class
2021-05-21,2021-05-23,Central,Customer_12,Product_48,Furniture,88.39,20.98,First Class
2023-08-16,2023-08-25,East,Customer_35,Product_41,Furniture,1152.16,214.79,Standard Class
2023-09-12,2023-09-18,Central,Customer_65,Product_19,Office Supplies,791.86,,Same Day
2023-09-20,2023-09-21,South,Customer_55,Product_22,Office Supplies,67.02,8.24,Standard Class
2023-04-08,2023-04-12,East,Customer_45,Product_5,Furniture,1170.67,277.63,Second Class
2022-11-14,2022-11-15,Central,Customer_79,Product_2,Technology,32.49,5.54,Second Class
2023-10-01,2023-10-07,East,Customer_90,Product_30,Furniture,1576.87,164.01,Second Class
2021-12-22,2021-12-26,South,Customer_85,Product_47,Furniture,619.8,180.87,Standard Class
2023-10-05,2023-10-08,,Customer_62,Product_39,Technology,90.11,,Second Class
2023-06-07,2023-06-10,East,Customer_49,Product_4,Technology,1180.82,341.59,Same Day
2021-05-07,2021-05-16,Central,Customer_95,Product_33,Office Supplies,801.39,125.64,First Class
2023-10-06,2023-10-12,West,Customer_25,Product_13,Office Supplies,1947.86,328.75,First Class
2022-08-27,2022-09-05,West,Customer_23,Product_20,Office Supplies,1092.96,300.01,Same Day
2023-10-11,2023-10-16,East,Customer_24,Product_7,Office Supplies,557.73,101.1,First Class
2021-02-20,2021-02-22,Central,Customer_38,Product_15,Technology,1421.78,322.49,Standard Class
2023-11-19,2023-11-27,West,Customer_28,Product_23,Furniture,550.27,62.2,Second Class
2023-02-18,2023-02-23,South,Customer_21,Product_14,Office Supplies,1809.44,292.55,Second Class
2023-03-25,2023-03-27,Central,Customer_54,Product_23,Office Supplies,755.7,61.11,Second Class
2022-02-24,2022-02-28,West,Customer_18,Product_19,Technology,1104.24,112.07,Standard Class
2023-09-10,2023-09-19,Central,Customer_36,Product_29,Technology,110.64,5.56,Standard Class
2023-04-05,2023-04-09,East,Customer_99,Product_20,Furniture,857.98,51.32,Standard Class
2023-10-22,2023-10-26,Central,Customer_45,Product_29,Furniture,1666.4,490.46,Same Day
2022-07-21,2022-07-23,West,Customer_73,Product_24,Technology,1613.24,178.41,Standard Class
2022-01-06,2022-01-12,East,Customer_53,Product_18,Office Supplies,456.39,98.5,First Class
2023-07-25,2023-07-27,Central,Customer_30,Product_10,Office Supplies,459.9,119.47,Same Day
2022-10-23,2022-10-30,South,Customer_60,Product_41,Office Supplies,1636.44,307.1,Same Day
2023-08-27,2023-08-30,West,Customer_98,Product_8,Furniture,1861.49,164.34,Same Day
2021-07-21,2021-07-24,East,Customer_32,Product_26,Office Supplies,199.77,46.35,Standard Class
2021-11-09,2021-11-14,Central,Customer_67,Product_29,Office Supplies,905.62,181.18,Same Day
2021-04-27,2021-04-30,South,Customer_67,Product_10,Technology,681.53,158.67,Standard Class
2023-07-26,2023-07-28,West,Customer_28,Product_17,Office Supplies,1742.67,422.49,Standard Class
2022-07-29,2022-08-07,South,Customer_44,Product_2,Technology,176.21,51.78,Same Day
2021-09-01,2021-09-03,Central,Customer_79,Product_6,Office Supplies,430.14,83.19,Second Class
2022-06-21,2022-06-23,Central,Customer_41,Product_5,Furniture,1507.41,204.12,Second Class
2021-03-16,2021-03-24,East,Customer_63,Product_28,Office Supplies,112.07,23.77,Same Day
2022-01-21,2022-01-30,South,Customer_23,Product_41,Office Supplies,990.15,66.45,Second Class
2022-04-20,2022-04-27,East,Customer_75,Product_5,Technology,889.79,,First Class
2022-02-22,2022-02-25,West,Customer_48,Product_18,Technology,675.46,53.93,First Class
2021-12-13,2021-12-22,,Customer_32,Product_26,Technology,795.2,,Standard Class
2022-10-02,2022-10-05,West,Customer_57,Product_20,Office Supplies,1064.58,270.34,Second Class
2023-07-28,2023-08-02,Central,Customer_100,Product_41,Office Supplies,331.12,66.0,First Class
2023-08-13,2023-08-22,Central,Customer_33,Product_49,Furniture,1148.27,170.41,Same Day
2023-05-26,2023-05-29,South,Customer_24,Product_27,Office Supplies,1612.81,271.53,Second Class
2023-02-02,2023-02-09,West,Customer_39,Product_49,Furniture,1522.72,401.45,First Class
2022-10-26,2022-10-27,Central,Customer_34,Product_12,Technology,316.26,42.7,First Class
2021-01-25,2021-01-29,South,Customer_56,Product_7,Technology,307.01,82.1,Same Day
2022-12-11,2022-12-15,South,Customer_28,Product_3,Technology,543.67,39.16,Standard Class
2021-06-26,2021-07-03,East,Customer_37,Product_10,Furniture,728.54,177.91,Same Day
2021-10-12,2021-10-20,South,Customer_7,Product_34,Office Supplies,822.83,215.49,Standard Class
2021-03-04,2021-03-05,,Customer_68,Product_25,Technology,1362.6,130.07,First Class
2023-09-30,2023-10-05,East,Customer_37,Product_35,Office Supplies,122.79,19.35,
2022-10-24,2022-10-31,West,Customer_56,Product_16,Office Supplies,79.0,7.22,First Class
2022-10-28,2022-11-01,West,Customer_65,Product_2,Technology,789.9,179.03,First Class
2021-06-05,2021-06-09,Central,Customer_65,Product_24,Furniture,1397.36,256.89,Second Class
2023-12-09,2023-12-13,Central,Customer_47,Product_10,Office Supplies,394.94,82.48,Standard Class
2023-08-25,2023-08-31,East,Customer_20,Product_38,Technology,1286.59,127.53,Standard Class
2023-04-29,2023-05-06,East,Customer_19,Product_22,Office Supplies,527.06,54.25,Standard Class
2022-11-20,2022-11-22,Central,Customer_29,Product_26,Office Supplies,1773.31,107.06,Same Day
2021-05-28,2021-06-02,Central,Customer_74,Product_43,Office Supplies,1792.42,233.94,Second Class
2021-12-08,2021-12-12,West,Customer_60,Product_39,Office Supplies,601.6,114.27,Second Class
2022-04-21,2022-04-24,West,Customer_18,Product_27,Office Supplies,467.69,123.7,
2023-12-23,2023-12-30,West,Customer_92,Product_29,Furniture,828.49,179.56,Same Day
2022-07-15,2022-07-21,Central,Customer_35,Product_47,Furniture,488.66,77.62,Standard Class
2021-11-23,2021-11-30,South,Customer_43,Product_38,Technology,1348.04,388.61,Standard Class
2023-09-17,2023-09-22,Central,Customer_95,Product_20,Furniture,1653.87,380.08,Standard Class
2021-08-03,2021-08-09,Central,Customer_91,Product_27,Furniture,1349.45,381.28,Second Class
2022-03-11,2022-03-16,West,Customer_11,Product_41,Furniture,1650.46,300.21,Second Class
2023-08-10,2023-08-17,,Customer_49,Product_20,Office Supplies,800.01,91.78,First Class
2022-12-24,2022-12-26,East,Customer_38,Product_44,Office Supplies,321.07,20.29,Same Day
2021-02-01,2021-02-06,Central,Customer_64,Product_19,Technology,1478.52,342.31,Same Day
2022-11-01,2022-11-07,Central,Customer_69,Product_20,Technology,727.34,58.42,Second Class
2021-10-12,2021-10-18,Central,Customer_8,Product_35,Technology,1345.83,169.16,First Class
2022-03-05,2022-03-10,Central,Customer_34,Product_47,Office Supplies,548.58,100.45,Standard Class
2021-10-13,2021-10-20,South,Customer_48,Product_2,Furniture,171.65,32.8,Second Class
2023-11-09,2023-11-17,,Customer_56,Product_30,Furniture,1985.24,397.34,Same Day
2021-01-18,2021-01-25,East,Customer_76,Product_34,Office Supplies,320.84,29.38,Same Day
2023-02-08,2023-02-13,East,Customer_65,Product_22,Technology,1976.96,286.53,Same Day
2022-08-13,2022-08-14,Central,Customer_31,Product_3,Technology,1954.79,399.36,Standard Class
2023-10-07,2023-10-12,West,Customer_4,Product_6,Technology,1589.7,464.92,Same Day
2021-07-13,2021-07-15,South,Customer_50,Product_15,Office Supplies,1322.25,306.64,Standard Class
2022-05-17,2022-05-22,Central,Customer_69,Product_27,Technology,1159.84,325.51,
2023-09-15,2023-09-20,Central,Customer_30,Product_10,Technology,1733.54,417.01,Standard Class
2021-04-24,2021-04-26,Central,Customer_88,Product_9,Office Supplies,585.98,115.98,Second Class
2023-08-05,2023-08-10,West,Customer_59,Product_33,Furniture,940.69,92.19,Standard Class
2023-04-11,2023-04-15,West,Customer_67,Product_32,Office Supplies,1242.59,269.23,First Class
2023-07-14,2023-07-15,West,Customer_75,Product_48,Office Supplies,828.27,170.5,Same Day
2021-02-24,2021-02-27,South,Customer_45,Product_6,Office Supplies,860.7,172.67,Second Class
2023-03-11,2023-03-12,East,Customer_4,Product_41,Office Supplies,667.27,115.07,
2023-02-17,2023-02-22,,Customer_26,Product_36,Furniture,1132.82,206.36,Standard Class
2021-06-11,2021-06-15,,Customer_27,Product_2,Technology,1702.64,227.49,Second Class
2021-03-28,2021-04-04,East,Customer_46,Product_29,Office Supplies,411.04,73.92,First Class
2021-02-24,2021-03-01,East,Customer_64,Product_4,Furniture,1869.52,185.81,Standard Class
2023-10-29,2023-11-02,West,Customer_91,Product_1,Technology,1381.28,347.11,Same Day
2023-04-13,2023-04-15,West,Customer_51,Product_19,Technology,1648.31,158.97,First Class
2021-11-09,2021-11-13,South,Customer_50,Product_26,Technology,1116.82,79.56,Standard Class
2023-01-29,2023-01-31,West,Customer_6,Product_25,Office Supplies,1561.24,248.33,First Class
2022-03-19,2022-03-27,East,Customer_59,Product_10,Office Supplies,42.24,9.06,Standard Class
2021-11-24,2021-11-27,Central,Customer_15,Product_15,Technology,1638.58,261.24,Second Class
2023-12-14,2023-12-23,West,Customer_30,Product_22,Technology,89.88,10.71,Standard Class
2023-01-31,2023-02-04,West,Customer_42,Product_48,Technology,1780.93,337.56,Second Class
2022-08-02,2022-08-08,South,Customer_37,Product_21,Technology,1984.01,271.31,Standard Class
2023-12-11,2023-12-16,South,Customer_42,Product_22,Technology,595.19,168.57,Standard Class
2023-10-04,2023-10-05,West,Customer_35,Product_36,Technology,428.53,120.27,Same Day
2021-04-06,2021-04-15,East,Customer_87,Product_34,Furniture,1533.07,269.2,First Class
2023-03-25,2023-03-26,East,Customer_6,Product_30,Technology,513.52,67.77,First Class
2022-05-06,2022-05-14,Central,Customer_68,Product_25,Office Supplies,1732.47,405.89,First Class
2022-03-28,2022-04-06,West,Customer_18,Product_45,Office Supplies,214.66,12.7,Standard Class
2021-06-14,2021-06-23,South,Customer_73,Product_28,Office Supplies,260.65,43.97,
2021-07-01,2021-07-02,East,Customer_29,Product_1,Technology,1958.51,262.6,Standard Class
2022-04-14,2022-04-16,Central,Customer_77,Product_49,Office Supplies,1350.94,378.44,Second Class
2023-06-29,2023-06-30,West,Customer_59,Product_45,Furniture,1695.31,89.85,Second Class
2023-01-05,2023-01-07,East,Customer_47,Product_4,Technology,655.42,123.35,Same Day
2023-04-03,2023-04-11,West,Customer_17,Product_7,Office Supplies,1356.2,318.93,Standard Class
2023-08-02,2023-08-07,West,Customer_96,Product_49,Furniture,1192.54,204.23,First Class
2021-01-07,2021-01-14,East,Customer_22,Product_9,Furniture,1210.27,86.35,First Class
2021-11-26,2021-11-28,East,Customer_68,Product_36,Office Supplies,1368.24,401.05,Same Day
2023-02-14,2023-02-22,East,Customer_69,Product_19,Furniture,1154.96,207.32,First Class
2021-05-31,2021-06-06,West,Customer_37,Product_1,Office Supplies,863.83,175.83,Same Day
2021-05-27,2021-06-04,West,Customer_49,Product_10,Furniture,559.09,61.03,Standard Class
2023-07-04,2023-07-05,Central,Customer_13,Product_36,Technology,1539.48,263.06,First Class
2022-12-01,2022-12-02,South,Customer_34,Product_9,Technology,460.28,72.4,Standard Class
2021-03-23,2021-03-30,West,Customer_86,Product_45,Technology,1387.79,95.37,Second Class
2022-05-29,2022-06-06,,Customer_53,Product_46,Technology,474.33,36.31,First Class
2023-03-26,2023-03-29,East,Customer_87,Product_42,Technology,1254.41,325.35,Second Class
2022-12-10,2022-12-15,West,Customer_51,Product_32,Office Supplies,1496.69,164.57,First Class
2023-01-16,2023-01-17,Central,Customer_3,Product_32,Technology,445.24,43.96,Standard Class
2023-10-20,2023-10-27,Central,Customer_42,Product_6,Technology,129.29,22.78,Same Day
2022-12-08,2022-12-13,South,Customer_98,Product_48,Technology,270.64,65.55,Standard Class
2022-04-16,2022-04-24,East,Customer_32,Product_38,Technology,1215.93,79.63,Standard Class
2022-01-31,2022-02-08,South,Customer_51,Product_17,Furniture,1700.4,330.22,Standard Class
2021-09-18,2021-09-27,East,Customer_85,Product_10,Technology,99.54,7.94,First Class
2023-03-16,2023-03-23,Central,Customer_46,Product_27,Technology,1470.96,86.96,Same Day
2023-07-23,2023-07-24,South,Customer_21,Product_35,Office Supplies,689.22,43.55,Second Class
2023-06-24,2023-06-27,Central,Customer_44,Product_21,Furniture,962.27,248.79,Standard Class
2023-12-13,2023-12-21,Central,Customer_11,Product_25,Office Supplies,1858.43,147.73,First Class
2023-07-29,2023-08-01,East,Customer_68,Product_28,Technology,670.62,41.1,Second Class
2023-05-04,2023-05-12,South,Customer_1,Product_47,Office Supplies,936.02,149.27,Standard Class
2022-08-16,2022-08-17,South,Customer_92,Product_15,Office Supplies,37.23,9.72,Second Class
2022-12-15,2022-12-20,Central,Customer_63,Product_4,Technology,172.38,19.93,
2022-09-24,2022-09-28,Central,Customer_24,Product_29,Furniture,524.6,81.54,Second Class
2021-02-28,2021-03-05,East,Customer_99,Product_9,Furniture,65.43,3.92,Second Class
2021-05-08,2021-05-16,West,Customer_13,Product_27,Office Supplies,1266.44,205.5,Same Day
2023-01-06,2023-01-10,West,Customer_98,Product_26,Technology,858.53,166.9,Same Day
2022-12-22,2022-12-26,Central,Customer_11,Product_19,Office Supplies,1100.81,212.16,Standard Class
2022-06-10,2022-06-13,,Customer_100,Product_28,Office Supplies,357.55,47.59,First Class
2022-06-05,2022-06-12,West,Customer_51,Product_17,Office Supplies,598.9,77.19,Same Day
2022-07-06,2022-07-09,West,Customer_17,Product_43,Technology,1331.01,102.03,Second Class
2021-08-25,2021-08-28,West,Customer_99,Product_41,Technology,1930.95,273.61,Same Day
2022-05-09,2022-05-14,Central,Customer_82,Product_42,Furniture,110.33,8.26,Same Day
2021-01-04,2021-01-09,West,Customer_86,Product_20,Technology,1781.86,430.58,Standard Class
2022-10-28,2022-11-03,West,Customer_24,Product_45,Office Supplies,1157.99,337.63,
2022-03-18,2022-03-26,East,Customer_19,Product_40,Office Supplies,1132.2,331.19,Same Day
2021-01-29,2021-02-04,Central,Customer_37,Product_39,Furniture,1005.55,267.75,Second Class
2022-09-02,2022-09-03,South,Customer_85,Product_49,Technology,148.09,29.65,Same Day
2023-03-16,2023-03-24,South,Customer_8,Product_23,Office Supplies,188.85,42.53,Second Class
2021-03-16,2021-03-24,East,Customer_28,Product_47,Furniture,1205.81,,Same Day
2023-04-18,2023-04-27,East,Customer_5,Product_32,Furniture,688.51,143.0,Same Day
2021-05-08,2021-05-17,Central,Customer_17,Product_47,Office Supplies,1835.36,300.84,First Class
2021-02-11,2021-02-13,South,Customer_36,Product_33,Office Supplies,819.12,139.66,Same Day
2021-02-10,2021-02-12,West,Customer_19,Product_46,Technology,295.13,70.67,Second Class
2023-07-23,2023-07-26,East,Customer_64,Product_5,Furniture,1432.29,172.56,Second Class
2021-02-03,2021-02-04,South,Customer_91,Product_43,Office Supplies,593.77,76.9,Standard Class
